-- MySQL dump 10.13  Distrib 8.0.31, for Win64 (x86_64)
--
-- Host: localhost    Database: django_mobile
-- ------------------------------------------------------
-- Server version	8.0.32-0ubuntu0.20.04.2

/*!40101 SET @OLD_CHARACTER_SET_CLIENT=@@CHARACTER_SET_CLIENT */;
/*!40101 SET @OLD_CHARACTER_SET_RESULTS=@@CHARACTER_SET_RESULTS */;
/*!40101 SET @OLD_COLLATION_CONNECTION=@@COLLATION_CONNECTION */;
/*!50503 SET NAMES utf8 */;
/*!40103 SET @OLD_TIME_ZONE=@@TIME_ZONE */;
/*!40103 SET TIME_ZONE='+00:00' */;
/*!40014 SET @OLD_UNIQUE_CHECKS=@@UNIQUE_CHECKS, UNIQUE_CHECKS=0 */;
/*!40014 SET @OLD_FOREIGN_KEY_CHECKS=@@FOREIGN_KEY_CHECKS, FOREIGN_KEY_CHECKS=0 */;
/*!40101 SET @OLD_SQL_MODE=@@SQL_MODE, SQL_MODE='NO_AUTO_VALUE_ON_ZERO' */;
/*!40111 SET @OLD_SQL_NOTES=@@SQL_NOTES, SQL_NOTES=0 */;

--
-- Table structure for table `account_emailaddress`
--

DROP TABLE IF EXISTS `account_emailaddress`;
/*!40101 SET @saved_cs_client     = @@character_set_client */;
/*!50503 SET character_set_client = utf8mb4 */;
CREATE TABLE `account_emailaddress` (
  `id` int NOT NULL AUTO_INCREMENT,
  `email` varchar(254) CHARACTER SET utf8mb4 COLLATE utf8mb4_general_ci NOT NULL,
  `verified` tinyint(1) NOT NULL,
  `primary` tinyint(1) NOT NULL,
  `user_id` bigint NOT NULL,
  PRIMARY KEY (`id`),
  UNIQUE KEY `email` (`email`),
  KEY `account_emailaddress_user_id_2c513194_fk_accounts_user_id` (`user_id`),
  CONSTRAINT `account_emailaddress_user_id_2c513194_fk_accounts_user_id` FOREIGN KEY (`user_id`) REFERENCES `accounts_user` (`id`)
) ENGINE=InnoDB DEFAULT CHARSET=utf8mb4 COLLATE=utf8mb4_general_ci;
/*!40101 SET character_set_client = @saved_cs_client */;

--
-- Dumping data for table `account_emailaddress`
--

LOCK TABLES `account_emailaddress` WRITE;
/*!40000 ALTER TABLE `account_emailaddress` DISABLE KEYS */;
/*!40000 ALTER TABLE `account_emailaddress` ENABLE KEYS */;
UNLOCK TABLES;

--
-- Table structure for table `account_emailconfirmation`
--

DROP TABLE IF EXISTS `account_emailconfirmation`;
/*!40101 SET @saved_cs_client     = @@character_set_client */;
/*!50503 SET character_set_client = utf8mb4 */;
CREATE TABLE `account_emailconfirmation` (
  `id` int NOT NULL AUTO_INCREMENT,
  `created` datetime(6) NOT NULL,
  `sent` datetime(6) DEFAULT NULL,
  `key` varchar(64) CHARACTER SET utf8mb4 COLLATE utf8mb4_general_ci NOT NULL,
  `email_address_id` int NOT NULL,
  PRIMARY KEY (`id`),
  UNIQUE KEY `key` (`key`),
  KEY `account_emailconfirm_email_address_id_5b7f8c58_fk_account_e` (`email_address_id`),
  CONSTRAINT `account_emailconfirm_email_address_id_5b7f8c58_fk_account_e` FOREIGN KEY (`email_address_id`) REFERENCES `account_emailaddress` (`id`)
) ENGINE=InnoDB DEFAULT CHARSET=utf8mb4 COLLATE=utf8mb4_general_ci;
/*!40101 SET character_set_client = @saved_cs_client */;

--
-- Dumping data for table `account_emailconfirmation`
--

LOCK TABLES `account_emailconfirmation` WRITE;
/*!40000 ALTER TABLE `account_emailconfirmation` DISABLE KEYS */;
/*!40000 ALTER TABLE `account_emailconfirmation` ENABLE KEYS */;
UNLOCK TABLES;

--
-- Table structure for table `accounts_emailvalidatemodel`
--

DROP TABLE IF EXISTS `accounts_emailvalidatemodel`;
/*!40101 SET @saved_cs_client     = @@character_set_client */;
/*!50503 SET character_set_client = utf8mb4 */;
CREATE TABLE `accounts_emailvalidatemodel` (
  `id` bigint NOT NULL AUTO_INCREMENT,
  `email` varchar(254) CHARACTER SET utf8mb4 COLLATE utf8mb4_general_ci NOT NULL,
  `validateNumber` varchar(10) CHARACTER SET utf8mb4 COLLATE utf8mb4_general_ci NOT NULL,
  PRIMARY KEY (`id`)
) ENGINE=InnoDB AUTO_INCREMENT=60 DEFAULT CHARSET=utf8mb4 COLLATE=utf8mb4_general_ci;
/*!40101 SET character_set_client = @saved_cs_client */;

--
-- Dumping data for table `accounts_emailvalidatemodel`
--

LOCK TABLES `accounts_emailvalidatemodel` WRITE;
/*!40000 ALTER TABLE `accounts_emailvalidatemodel` DISABLE KEYS */;
INSERT INTO `accounts_emailvalidatemodel` VALUES (10,'miro2380@naver.com','133417'),(14,'qvjfkwr0r123322@naver.com','968243'),(21,'yrincloud@kako.com','828749'),(28,'yrinclud@kakao.com','562595'),(30,'test123@naver.com','176679'),(31,'josooyeon10@naver.com','291384'),(34,'test12345@naver.com','810895'),(35,'abc123@naver.com','465307'),(36,'test1224@naver.com','383766'),(37,'test10@naver.com','068230'),(53,'yrincloud@kakao.com','437313');
/*!40000 ALTER TABLE `accounts_emailvalidatemodel` ENABLE KEYS */;
UNLOCK TABLES;

--
-- Table structure for table `accounts_firebase`
--

DROP TABLE IF EXISTS `accounts_firebase`;
/*!40101 SET @saved_cs_client     = @@character_set_client */;
/*!50503 SET character_set_client = utf8mb4 */;
CREATE TABLE `accounts_firebase` (
  `id` bigint NOT NULL AUTO_INCREMENT,
  `fcmToken` varchar(500) CHARACTER SET utf8mb4 COLLATE utf8mb4_general_ci DEFAULT NULL,
  `user_id` bigint DEFAULT NULL,
  PRIMARY KEY (`id`),
  KEY `accounts_firebase_user_id_e645209e_fk_accounts_user_id` (`user_id`),
  CONSTRAINT `accounts_firebase_user_id_e645209e_fk_accounts_user_id` FOREIGN KEY (`user_id`) REFERENCES `accounts_user` (`id`)
) ENGINE=InnoDB AUTO_INCREMENT=217 DEFAULT CHARSET=utf8mb4 COLLATE=utf8mb4_general_ci;
/*!40101 SET character_set_client = @saved_cs_client */;

--
-- Dumping data for table `accounts_firebase`
--

LOCK TABLES `accounts_firebase` WRITE;
/*!40000 ALTER TABLE `accounts_firebase` DISABLE KEYS */;
INSERT INTO `accounts_firebase` VALUES (201,'cOZrRQK2TXi_y_gENdcrqe:APA91bGgxwLr0OoyKcvsdgqjuvd0k_5BBdeSK0EWAqMDN7R3CyuiDOXhzqlcMMA-psOFQp5j5JgeEjXiYvOPqJbnLHhw6CiWJXZNvlnQp8RQs76qLEqp-jWdpTxpfB6eLxK0C1OMji0r',29),(202,'eqKvRbG3SyK1MsiCn2vLRk:APA91bGXurR7f0NTc2yR0fV3DQ4ranzrqEl6WmeFC93rLK8dPqaN64yfeqKJISt4jjq07t21yExawXiO7vVtIb7dL0f1ZCW84MTqZAdvR2ENqnLqcC3bElxai3TCje968R9fmoaVkHCd',33),(203,'d_PtuFFQTGO4Ke15UDnG6Z:APA91bEUVQmwIkJGaSsbmEM78-N9O63bVRB6dP-F0bVBRvCQofHn11Nsym6QjvRf_uoGkJIS8IfoVsHszBctkTIDKFHfiUJCKvBcZXOZM1SedyygzH1TAfp-6WS3H7rXEkGdMGegy-Cl',17),(204,'cmNxnCXKSdKq6mEPPBol6v:APA91bGQ5J1yOYO8kKzLu3uNTuApKpowptxSD6NMl7csGKAFr98x-MnLR66m2lNuF2zy0myCOW_Cgfg59nR5aCxMKafZDUjs7YJR7Gvqxx79oZy-AilFfFj9zFog2L4PoSryCzKI27bt',68),(205,'fCZU4t-5QjOx5r_iR_iLBG:APA91bH8Ho_c8UCX5whUwRcz8jQI3Azxb1798Trpm-ODfP-wh9VPtFuigReec2Hobg5cuUXcpkGuHyWd4tKCfF8eXLh9enweHiKNeHRr4OQmCK-vQH9VORJ2Rk4DI1YsFW2obuaMZrl-',37),(206,'e8NXE9avSYG7o6TwjnfoXk:APA91bEVy4Jg39vovh7UEWZo70t-ovmAcMnZL27lHKUYFgo4AoSakdpta3zFLwe6MTKwzFZlwsopoiO9nhmYgNnn8sqxgN0_i2Paz--5ZrW84kXAs7UzYkOlU4dbzg01OUxgF6mY9ZgZ',33),(207,'cnt0DpcQT-WKEKfJ6jO5w3:APA91bFuAjN_vmY-HJdVPGXz3Hkas7XUsyXRzNqA-645bZqljjK8M5_OJXEM3f7Y9jRlhbIMl_qIIAiyEambn6bN7fEmQApP_u9C28sDqx4s0r9h44ZywRmw5_IsB_aPg6HeSS80Db_k',5),(208,'eGlH82N9SIS49eG9quzUpN:APA91bGxcuUuY326xSJsQLz2FN33ctxs9wbbAt3zzx0vNynb2wtDvwzfon_Ll-DnCtv9pzq0AXNusG1UrJ4JJ7ct_-WsfOMivkVx2tYU4UGyJemzj97CzxLxcwUmqSXOk-nqPYZ4MqlZ',5),(212,'fsmBvq2zSHWYWAul1HDGsg:APA91bGRACkQbNGBrgijo-rlRbC876F5jGpqqBSYR81mnDnw_zDXOLzbhhnHHL9Je26m0g97CMIrdAAn02EHShyrpcoz7i_fq1_5W1qeLdYhjIzYV81Cqr3TvzJ8MQ89WaygrzJstY_J',29),(213,'dpOHbo6VRr-IhazgATisJi:APA91bE_BmVWkslat9con_3iLvx0MK-ELUEzHsbhuj2bsVrSadwrvtIIQNIsH6oDF79_idNTXedEUhHzRnfgHy-gWN11MuuwVr310vDaci9IN1ceT0KlJmojV6rNG_zZpKtzeDwnane-',18),(214,'dG5y4lYtTgaFVlt5seT8Un:APA91bEfpafhs-afVR3Qrs9fFHDjDLA8ZzVyL-QOZvEehtAzPiU8oCnnMEXxs6-5M4JoyEeHty6ullDPg0qBuLLaIrdXCPPrLfiB4Gw1fX4Mha0cXiaN8jOta5ZAfydoifj98HRi1HDK',17),(215,'ecpb6CPvTmWDgF6VfaLs_c:APA91bEvgcqfe2STGHDbP4T5GT76Qy_DLbpKlBUTdPxCY-7iRFR71-a9sBjZXq8wxPFcqIAG44JneTxuSCO2Ssg8Mn-wScpk2rZ_MsHiRHhtR4FAD4WN_fw7eTloflwzpc4NXpNAJB74',37),(216,'fyBCriEcRfKSolAdXuKxU6:APA91bGG6_dFzU2YKFWWwG2397qlFF-XmFf4h7nfGUH8TKHHmyYM0BGYoW5_g-sGSUsmqndG5dPpdEiE-Nw2QKhsiR-BwLo34GhFXwjaYHou1-VsOgUYpNH7D9kHRcmTCPpQzZImc095',33);
/*!40000 ALTER TABLE `accounts_firebase` ENABLE KEYS */;
UNLOCK TABLES;

--
-- Table structure for table `accounts_user`
--

DROP TABLE IF EXISTS `accounts_user`;
/*!40101 SET @saved_cs_client     = @@character_set_client */;
/*!50503 SET character_set_client = utf8mb4 */;
CREATE TABLE `accounts_user` (
  `id` bigint NOT NULL AUTO_INCREMENT,
  `password` varchar(128) CHARACTER SET utf8mb4 COLLATE utf8mb4_unicode_ci NOT NULL,
  `last_login` datetime(6) DEFAULT NULL,
  `is_superuser` tinyint(1) NOT NULL,
  `username` varchar(150) CHARACTER SET utf8mb4 COLLATE utf8mb4_unicode_ci NOT NULL,
  `first_name` varchar(150) CHARACTER SET utf8mb4 COLLATE utf8mb4_unicode_ci NOT NULL,
  `last_name` varchar(150) CHARACTER SET utf8mb4 COLLATE utf8mb4_unicode_ci NOT NULL,
  `is_staff` tinyint(1) NOT NULL,
  `is_active` tinyint(1) NOT NULL,
  `date_joined` datetime(6) NOT NULL,
  `email` varchar(254) CHARACTER SET utf8mb4 COLLATE utf8mb4_unicode_ci NOT NULL,
  `phone_number` varchar(13) CHARACTER SET utf8mb4 COLLATE utf8mb4_unicode_ci NOT NULL,
  `profileImg` varchar(100) CHARACTER SET utf8mb4 COLLATE utf8mb4_unicode_ci DEFAULT NULL,
  `nickname` varchar(50) CHARACTER SET utf8mb4 COLLATE utf8mb4_unicode_ci DEFAULT NULL,
  `age` int DEFAULT NULL,
  `naver` varchar(254) CHARACTER SET utf8mb4 COLLATE utf8mb4_unicode_ci DEFAULT NULL,
  `kakao` varchar(254) CHARACTER SET utf8mb4 COLLATE utf8mb4_unicode_ci DEFAULT NULL,
  `google` varchar(254) CHARACTER SET utf8mb4 COLLATE utf8mb4_unicode_ci DEFAULT NULL,
  PRIMARY KEY (`id`),
  UNIQUE KEY `email` (`email`)
) ENGINE=InnoDB AUTO_INCREMENT=69 DEFAULT CHARSET=utf8mb4 COLLATE=utf8mb4_unicode_ci;
/*!40101 SET character_set_client = @saved_cs_client */;

--
-- Dumping data for table `accounts_user`
--

LOCK TABLES `accounts_user` WRITE;
/*!40000 ALTER TABLE `accounts_user` DISABLE KEYS */;
INSERT INTO `accounts_user` VALUES (5,'pbkdf2_sha256$260000$4B4VtjUYG5RYO6SS9S0Pqm$Y8avpBHVU+wxf3YI1WR6vspg8xF/zspoGh1gZeJ2UIE=','2023-02-13 17:55:19.459794',1,'luminaries','','',0,1,'2023-01-20 00:28:12.827847','luminaries1@naver.com','','profile_image/accounts/2023/02/20230103_095014.jpg','luminaries',31,'','',''),(15,'pbkdf2_sha256$260000$mVVabN6ZBDIHFyHlorrJhD$Ct7lZwWv6dJntC3DTgL5qw0Gi0ykeTAlSy5Pku1BIHY=','2023-01-25 05:04:50.369660',0,'fghmfgm234','','',0,1,'2023-01-24 06:01:00.185241','foundme0608@kakao.com','','','tyrujityu567',20,'','',''),(16,'pbkdf2_sha256$260000$LxFDAPeDVM2QDHe3ts1u8O$g5WY9z7hZBh8GljFsyV5AXFzKJYapl0P+KTj7rdp4Hc=','2023-01-25 06:19:22.065338',0,'a','','',0,1,'2023-01-25 06:19:21.814305','a@a.com','','','123',NULL,'','',''),(17,'pbkdf2_sha256$260000$dgOzuOAd2yKJDnDAq6tc65$/plKFrFSt22DP37TiiX0LXvTZJUh3FMeZL4dOt9a4Fs=','2023-02-13 14:34:21.603408',0,'b','','',0,1,'2023-01-25 06:20:25.267223','b@b.com','','','123',NULL,'','',''),(18,'pbkdf2_sha256$260000$rmylNlNwDM4cr4Ri8Y6eeq$VYUcWgfliGK61g2EicdgumqW6KUVNbid+1xxT/Wny30=','2023-02-13 23:00:02.046345',0,'test1234','','',0,1,'2023-01-25 08:51:49.862292','test1234@naver.com','','','test_person',29,'','',''),(21,'pbkdf2_sha256$260000$nBfXNrko8IQW65bd3hMJh4$mr0PYOvNiYanbbcqG3GxJyTY5eEOH9tAs6JW48DHwn0=','2023-01-25 13:06:16.163953',0,'gg','','',0,1,'2023-01-25 13:06:05.139523','luminaries1@gmail.com','','','ㅠㅠ',20,'','',''),(24,'pbkdf2_sha256$260000$TXTM8HfBT5w9xn3GStZ5SX$RFM+mJ1BXegTbQUH45Qayu4ffyTq6PqJN6o+8ZYjLOM=','2023-01-31 01:14:43.054098',0,'qqqqq','','',0,1,'2023-01-26 03:48:49.819133','tkdwns1324@gmail.com','','','qqqqqq',10,'','',''),(27,'pbkdf2_sha256$260000$KksuuSxij5zvHLkKH1d4Dw$oEX2l6vkInxpvSd+pIUQalrnHYwGKZOQBaYnNktZCw0=','2023-01-30 12:59:03.243754',0,'choichang','','',0,1,'2023-01-30 12:49:27.548471','choichang@naver.com','','','choichang12',29,'','',''),(28,'pbkdf2_sha256$260000$NcPUgMc4FzDUsk15YSg0qd$8l5zZFTogdDKUoRYWsQcsLpPx2O4mT0OascoHNG6WkM=','2023-01-30 13:03:23.078709',0,'test','','',0,1,'2023-01-30 13:01:53.677299','foundme0608@gmail.com','','','test',20,'','',''),(29,'pbkdf2_sha256$260000$GO1kaXdUBEWrHD3OSGk214$bu4hX3a9/UMZqImZiDqhAbeA8zMA1OS9szjJQxcuNIU=','2023-02-13 09:27:04.371464',1,'123123','','',0,1,'2023-01-31 14:50:57.502076','qotkdwns1324@naver.com','','profile_image/accounts/2023/02/20230101_075426.jpg','number32',29,'','',''),(30,'pbkdf2_sha256$260000$CSAGRUODtnjXZ2meYEVrDo$FYKWn7p0bYpFrFaYJj8Som13Ai5RB+nskwm7am6JMoo=','2023-02-02 15:27:31.492398',0,'luminaries12','','',0,1,'2023-02-02 15:27:31.283542','luminaries12@naver.com','','','luminaries1',29,'','',''),(31,'pbkdf2_sha256$260000$SufX5n6bUjKcU5ogKMYSvj$u3222cNGtwRy2vSDwZ8+BKlqQ/7iihkr4rXEa46QAGA=','2023-02-02 15:37:03.205692',0,'luminaries123','','',0,1,'2023-02-02 15:37:02.964607','luminaries123@naver.com','','profile_image/accounts/2023/02/캡처.jpg','lumiariariw',28,'','',''),(32,'pbkdf2_sha256$260000$uJ0Kt9ZIG63NbewfzsLLmc$ZqEVe+yhScQIkpgnqeprYkqSpKRePs0e3vXN+WWl3g0=','2023-02-02 15:58:39.105686',0,'testing12334','','',0,1,'2023-02-02 15:58:38.843431','testing12334@b.com','','profile_image/accounts/2023/02/구미_1반_배상준.JPG','123',12,'','',''),(33,'pbkdf2_sha256$260000$ThoMGN3JZjpJImfFyxkjpS$f+W1FduaNXklTVlpypd0/M628cnOXTP2vhXw4olSGFQ=','2023-02-13 22:24:01.097372',0,'조수연','','',0,1,'2023-02-02 16:11:06.673398','josooyeon11@naver.com','','profile_image/accounts/2023/02/IMG_20221210_170703_377.jpg','코틀린',20,'','',''),(34,'pbkdf2_sha256$260000$Y3hK5KiHQJXdS9Iz03YMCB$x6qmE7hyB+jUYMjRC7Sc2foM3wf04553rVUvH357m88=','2023-02-04 15:20:37.015648',0,'luminaries1234','','',0,1,'2023-02-04 15:20:36.792012','luminaries1234@naver.com','','','luminaries',29,'','',''),(37,'1q2w3e4r!@#$%',NULL,0,'123','','',0,1,'2023-02-05 15:10:39.367029','bigyoung8375@naver.com','','','naver_Y5128HXR',10,NULL,NULL,NULL),(39,'pbkdf2_sha256$260000$TVkhi6KITzml7IfANq7Mpq$2VstE5RjU2pJd3p7U6N4xk3WTP7qbdBvfzUWfYuKfCM=','2023-02-06 15:06:18.252188',0,'최예린1','','',0,1,'2023-02-06 15:06:18.019368','zaq130@kyonggi.ac.kr','','profile_image/accounts/2023/02/images.jpeg','이슬이누나랑동년배',20,'','',''),(40,'pbkdf2_sha256$260000$Clu8muBmdFEBYxZTh9watS$pK8Q1jfuqfVXb3Xr+ZKfhHkSvyPuPztnbjB0mIxJd2k=','2023-02-06 15:36:59.387730',0,'123','','',0,1,'2023-02-06 15:36:59.165247','test@dd.cc','','','123',10,'','',''),(43,'pbkdf2_sha256$260000$ElxBgkkVbq7WnTd78iftsW$TfifgAl+b9uj85S3Cz1lQLSpFJbhQGoRu03bnAC6qR4=','2023-02-07 10:25:04.595250',0,'최예린11111','','',0,1,'2023-02-07 10:25:04.346260','romi2380@naver.com','','profile_image/accounts/2023/02/20221018_021742_GYRSLSH.jpg','따봉11111111따봉222222²22243333333333333333667886533',20,'','',''),(53,'pbkdf2_sha256$260000$eMIUygjsGLle5QCK4f31dj$1f+IMKqRlUj/VpVdyIsmcV0th66l47jWzp5PqKmFt+E=','2023-02-07 18:48:41.780318',0,'test1','','',0,1,'2023-02-07 18:48:41.546191','luminaries1324@naver.com','','','rewrwerwer',29,'','',''),(55,'pbkdf2_sha256$260000$JovEiMZPfarCBZRoTAXjuN$7so9MQeIparOt/3hcm/rmhTuHPmKFGuYghunc2a7uao=','2023-02-07 18:58:09.316710',0,'test1','','',0,1,'2023-02-07 18:58:09.088070','choichang1@naver.com','','','lumiariariw',28,'','',''),(56,'pbkdf2_sha256$260000$HzbrLGEXKojjzpUszckYOK$5fPvkP0APL3NqsKpCSLyliQP4oz0njOMvNnqlxMihgw=','2023-02-07 21:39:51.918349',0,'최예린','','',0,1,'2023-02-07 21:11:30.257074','forssafytest0829@gmail.com','','profile_image/accounts/2023/02/-hlmvky.jpg','김순록',20,'','',''),(57,'pbkdf2_sha256$260000$PY7hpSOLbuNQayt0VBLNqJ$ZBn6Vsnl9iZCJdV0skDpws6jTFFttFZ+EsWeqAOZRlY=','2023-02-07 21:32:52.342370',0,'최예린','','',0,1,'2023-02-07 21:32:52.098609','ssafytest02@gmail.com','','profile_image/accounts/2023/02/20220914_155659.jpg','햄즤',20,'','',''),(58,'pbkdf2_sha256$260000$M4spx4k3zgHlEkZAhalBha$UibhTGXNGE1knSVYDs7mYpAIVcNZLIzgKsJZOPoOw30=','2023-02-08 11:08:55.807324',0,'테스트 유저','','',0,1,'2023-02-08 10:12:25.447724','test123@gmail.com','','profile_image/accounts/2023/02/Cat03_JZMm3Ix.jpg','테스트용 유저',20,'','',''),(59,'pbkdf2_sha256$260000$9VBbK1HY1RDp8iDzXU6uTh$zNBTk8Ub0WZ2q5rQ0G0EAzFVEs20ZgjfNZTaoKjgd/Y=','2023-02-13 00:30:47.914786',0,'휴무일','','',0,1,'2023-02-13 00:30:47.687101','tkdwns1324@gmail.co','','profile_image/accounts/2023/02/1536914862臨時休業.jpg','임시휴무',NULL,'','',''),(60,'pbkdf2_sha256$260000$uzhSqrTMn1XvgDRmLiesEO$F9qS3m6ZhSNA6pjALExc3Sj0vVb5b8+ERYtoR25sIRc=','2023-02-13 00:43:54.327935',0,'나이테스트','','',0,1,'2023-02-13 00:43:54.100313','aget@test.com','','profile_image/accounts/2023/02/1536914862臨時休業_PA67F0h.jpg','나이',10,'','',''),(62,'pbkdf2_sha256$260000$IQkV7pmVd1hHQUsqTWFajQ$mtO7NuwAaFsFCMkRKwtOA5Wfe+s90P6BUm1GKu/xv7Q=','2023-02-13 10:37:15.125796',0,'김성재','','',0,1,'2023-02-13 10:37:14.873120','tbja@naver.com','','profile_image/accounts/2023/02/yidian_123111213418card5.jpg','컨설턴트',30,'','',''),(63,'pbkdf2_sha256$260000$w9i3KkTejSDBynWWE8u3AY$fKU9VQ0UCSGbOJq+DfFgMXoz24wJRAmhzDWRnX/vpRg=','2023-02-13 13:51:59.867208',0,'박지현','','',0,1,'2023-02-13 13:51:59.662914','spy03128@naver.com','','','지현',20,'','',''),(68,'1q2w3e4r!@#$%',NULL,0,'123','','',0,1,'2023-02-13 17:09:11.593988','qsc130@naver.com','','profile_image/accounts/2023/02/1671892489998_Sz1QTz8.jpg','예구',10,NULL,NULL,NULL);
/*!40000 ALTER TABLE `accounts_user` ENABLE KEYS */;
UNLOCK TABLES;

--
-- Table structure for table `accounts_user_groups`
--

DROP TABLE IF EXISTS `accounts_user_groups`;
/*!40101 SET @saved_cs_client     = @@character_set_client */;
/*!50503 SET character_set_client = utf8mb4 */;
CREATE TABLE `accounts_user_groups` (
  `id` bigint NOT NULL AUTO_INCREMENT,
  `user_id` bigint NOT NULL,
  `group_id` int NOT NULL,
  PRIMARY KEY (`id`),
  UNIQUE KEY `accounts_user_groups_user_id_group_id_59c0b32f_uniq` (`user_id`,`group_id`),
  KEY `accounts_user_groups_group_id_bd11a704_fk_auth_group_id` (`group_id`),
  CONSTRAINT `accounts_user_groups_group_id_bd11a704_fk_auth_group_id` FOREIGN KEY (`group_id`) REFERENCES `auth_group` (`id`),
  CONSTRAINT `accounts_user_groups_user_id_52b62117_fk_accounts_user_id` FOREIGN KEY (`user_id`) REFERENCES `accounts_user` (`id`)
) ENGINE=InnoDB DEFAULT CHARSET=utf8mb4 COLLATE=utf8mb4_general_ci;
/*!40101 SET character_set_client = @saved_cs_client */;

--
-- Dumping data for table `accounts_user_groups`
--

LOCK TABLES `accounts_user_groups` WRITE;
/*!40000 ALTER TABLE `accounts_user_groups` DISABLE KEYS */;
/*!40000 ALTER TABLE `accounts_user_groups` ENABLE KEYS */;
UNLOCK TABLES;

--
-- Table structure for table `accounts_user_user_permissions`
--

DROP TABLE IF EXISTS `accounts_user_user_permissions`;
/*!40101 SET @saved_cs_client     = @@character_set_client */;
/*!50503 SET character_set_client = utf8mb4 */;
CREATE TABLE `accounts_user_user_permissions` (
  `id` bigint NOT NULL AUTO_INCREMENT,
  `user_id` bigint NOT NULL,
  `permission_id` int NOT NULL,
  PRIMARY KEY (`id`),
  UNIQUE KEY `accounts_user_user_permi_user_id_permission_id_2ab516c2_uniq` (`user_id`,`permission_id`),
  KEY `accounts_user_user_p_permission_id_113bb443_fk_auth_perm` (`permission_id`),
  CONSTRAINT `accounts_user_user_p_permission_id_113bb443_fk_auth_perm` FOREIGN KEY (`permission_id`) REFERENCES `auth_permission` (`id`),
  CONSTRAINT `accounts_user_user_p_user_id_e4f0a161_fk_accounts_` FOREIGN KEY (`user_id`) REFERENCES `accounts_user` (`id`)
) ENGINE=InnoDB DEFAULT CHARSET=utf8mb4 COLLATE=utf8mb4_general_ci;
/*!40101 SET character_set_client = @saved_cs_client */;

--
-- Dumping data for table `accounts_user_user_permissions`
--

LOCK TABLES `accounts_user_user_permissions` WRITE;
/*!40000 ALTER TABLE `accounts_user_user_permissions` DISABLE KEYS */;
/*!40000 ALTER TABLE `accounts_user_user_permissions` ENABLE KEYS */;
UNLOCK TABLES;

--
-- Table structure for table `auth_group`
--

DROP TABLE IF EXISTS `auth_group`;
/*!40101 SET @saved_cs_client     = @@character_set_client */;
/*!50503 SET character_set_client = utf8mb4 */;
CREATE TABLE `auth_group` (
  `id` int NOT NULL AUTO_INCREMENT,
  `name` varchar(150) CHARACTER SET utf8mb4 COLLATE utf8mb4_general_ci NOT NULL,
  PRIMARY KEY (`id`),
  UNIQUE KEY `name` (`name`)
) ENGINE=InnoDB DEFAULT CHARSET=utf8mb4 COLLATE=utf8mb4_general_ci;
/*!40101 SET character_set_client = @saved_cs_client */;

--
-- Dumping data for table `auth_group`
--

LOCK TABLES `auth_group` WRITE;
/*!40000 ALTER TABLE `auth_group` DISABLE KEYS */;
/*!40000 ALTER TABLE `auth_group` ENABLE KEYS */;
UNLOCK TABLES;

--
-- Table structure for table `auth_group_permissions`
--

DROP TABLE IF EXISTS `auth_group_permissions`;
/*!40101 SET @saved_cs_client     = @@character_set_client */;
/*!50503 SET character_set_client = utf8mb4 */;
CREATE TABLE `auth_group_permissions` (
  `id` bigint NOT NULL AUTO_INCREMENT,
  `group_id` int NOT NULL,
  `permission_id` int NOT NULL,
  PRIMARY KEY (`id`),
  UNIQUE KEY `auth_group_permissions_group_id_permission_id_0cd325b0_uniq` (`group_id`,`permission_id`),
  KEY `auth_group_permissio_permission_id_84c5c92e_fk_auth_perm` (`permission_id`),
  CONSTRAINT `auth_group_permissio_permission_id_84c5c92e_fk_auth_perm` FOREIGN KEY (`permission_id`) REFERENCES `auth_permission` (`id`),
  CONSTRAINT `auth_group_permissions_group_id_b120cbf9_fk_auth_group_id` FOREIGN KEY (`group_id`) REFERENCES `auth_group` (`id`)
) ENGINE=InnoDB DEFAULT CHARSET=utf8mb4 COLLATE=utf8mb4_general_ci;
/*!40101 SET character_set_client = @saved_cs_client */;

--
-- Dumping data for table `auth_group_permissions`
--

LOCK TABLES `auth_group_permissions` WRITE;
/*!40000 ALTER TABLE `auth_group_permissions` DISABLE KEYS */;
/*!40000 ALTER TABLE `auth_group_permissions` ENABLE KEYS */;
UNLOCK TABLES;

--
-- Table structure for table `auth_permission`
--

DROP TABLE IF EXISTS `auth_permission`;
/*!40101 SET @saved_cs_client     = @@character_set_client */;
/*!50503 SET character_set_client = utf8mb4 */;
CREATE TABLE `auth_permission` (
  `id` int NOT NULL AUTO_INCREMENT,
  `name` varchar(255) CHARACTER SET utf8mb4 COLLATE utf8mb4_general_ci NOT NULL,
  `content_type_id` int NOT NULL,
  `codename` varchar(100) CHARACTER SET utf8mb4 COLLATE utf8mb4_general_ci NOT NULL,
  PRIMARY KEY (`id`),
  UNIQUE KEY `auth_permission_content_type_id_codename_01ab375a_uniq` (`content_type_id`,`codename`),
  CONSTRAINT `auth_permission_content_type_id_2f476e4b_fk_django_co` FOREIGN KEY (`content_type_id`) REFERENCES `django_content_type` (`id`)
) ENGINE=InnoDB AUTO_INCREMENT=101 DEFAULT CHARSET=utf8mb4 COLLATE=utf8mb4_general_ci;
/*!40101 SET character_set_client = @saved_cs_client */;

--
-- Dumping data for table `auth_permission`
--

LOCK TABLES `auth_permission` WRITE;
/*!40000 ALTER TABLE `auth_permission` DISABLE KEYS */;
INSERT INTO `auth_permission` VALUES (1,'Can add email validate model',1,'add_emailvalidatemodel'),(2,'Can change email validate model',1,'change_emailvalidatemodel'),(3,'Can delete email validate model',1,'delete_emailvalidatemodel'),(4,'Can view email validate model',1,'view_emailvalidatemodel'),(5,'Can add user',2,'add_user'),(6,'Can change user',2,'change_user'),(7,'Can delete user',2,'delete_user'),(8,'Can view user',2,'view_user'),(9,'Can add board',3,'add_board'),(10,'Can change board',3,'change_board'),(11,'Can delete board',3,'delete_board'),(12,'Can view board',3,'view_board'),(13,'Can add travel',4,'add_travel'),(14,'Can change travel',4,'change_travel'),(15,'Can delete travel',4,'delete_travel'),(16,'Can view travel',4,'view_travel'),(17,'Can add place',5,'add_place'),(18,'Can change place',5,'change_place'),(19,'Can delete place',5,'delete_place'),(20,'Can view place',5,'view_place'),(21,'Can add like',6,'add_like'),(22,'Can change like',6,'change_like'),(23,'Can delete like',6,'delete_like'),(24,'Can view like',6,'view_like'),(25,'Can add comment',7,'add_comment'),(26,'Can change comment',7,'change_comment'),(27,'Can delete comment',7,'delete_comment'),(28,'Can view comment',7,'view_comment'),(29,'Can add log entry',8,'add_logentry'),(30,'Can change log entry',8,'change_logentry'),(31,'Can delete log entry',8,'delete_logentry'),(32,'Can view log entry',8,'view_logentry'),(33,'Can add permission',9,'add_permission'),(34,'Can change permission',9,'change_permission'),(35,'Can delete permission',9,'delete_permission'),(36,'Can view permission',9,'view_permission'),(37,'Can add group',10,'add_group'),(38,'Can change group',10,'change_group'),(39,'Can delete group',10,'delete_group'),(40,'Can view group',10,'view_group'),(41,'Can add content type',11,'add_contenttype'),(42,'Can change content type',11,'change_contenttype'),(43,'Can delete content type',11,'delete_contenttype'),(44,'Can view content type',11,'view_contenttype'),(45,'Can add session',12,'add_session'),(46,'Can change session',12,'change_session'),(47,'Can delete session',12,'delete_session'),(48,'Can view session',12,'view_session'),(49,'Can add Token',13,'add_token'),(50,'Can change Token',13,'change_token'),(51,'Can delete Token',13,'delete_token'),(52,'Can view Token',13,'view_token'),(53,'Can add token',14,'add_tokenproxy'),(54,'Can change token',14,'change_tokenproxy'),(55,'Can delete token',14,'delete_tokenproxy'),(56,'Can view token',14,'view_tokenproxy'),(57,'Can add site',15,'add_site'),(58,'Can change site',15,'change_site'),(59,'Can delete site',15,'delete_site'),(60,'Can view site',15,'view_site'),(61,'Can add email address',16,'add_emailaddress'),(62,'Can change email address',16,'change_emailaddress'),(63,'Can delete email address',16,'delete_emailaddress'),(64,'Can view email address',16,'view_emailaddress'),(65,'Can add email confirmation',17,'add_emailconfirmation'),(66,'Can change email confirmation',17,'change_emailconfirmation'),(67,'Can delete email confirmation',17,'delete_emailconfirmation'),(68,'Can view email confirmation',17,'view_emailconfirmation'),(69,'Can add social account',18,'add_socialaccount'),(70,'Can change social account',18,'change_socialaccount'),(71,'Can delete social account',18,'delete_socialaccount'),(72,'Can view social account',18,'view_socialaccount'),(73,'Can add social application',19,'add_socialapp'),(74,'Can change social application',19,'change_socialapp'),(75,'Can delete social application',19,'delete_socialapp'),(76,'Can view social application',19,'view_socialapp'),(77,'Can add social application token',20,'add_socialtoken'),(78,'Can change social application token',20,'change_socialtoken'),(79,'Can delete social application token',20,'delete_socialtoken'),(80,'Can view social application token',20,'view_socialtoken'),(81,'Can add fire base',21,'add_firebase'),(82,'Can change fire base',21,'change_firebase'),(83,'Can delete fire base',21,'delete_firebase'),(84,'Can view fire base',21,'view_firebase'),(85,'Can add notification',22,'add_notification'),(86,'Can change notification',22,'change_notification'),(87,'Can delete notification',22,'delete_notification'),(88,'Can view notification',22,'view_notification'),(89,'Can add blacklisted token',23,'add_blacklistedtoken'),(90,'Can change blacklisted token',23,'change_blacklistedtoken'),(91,'Can delete blacklisted token',23,'delete_blacklistedtoken'),(92,'Can view blacklisted token',23,'view_blacklistedtoken'),(93,'Can add outstanding token',24,'add_outstandingtoken'),(94,'Can change outstanding token',24,'change_outstandingtoken'),(95,'Can delete outstanding token',24,'delete_outstandingtoken'),(96,'Can view outstanding token',24,'view_outstandingtoken'),(97,'Can add place image',25,'add_placeimage'),(98,'Can change place image',25,'change_placeimage'),(99,'Can delete place image',25,'delete_placeimage'),(100,'Can view place image',25,'view_placeimage');
/*!40000 ALTER TABLE `auth_permission` ENABLE KEYS */;
UNLOCK TABLES;

--
-- Table structure for table `authtoken_token`
--

DROP TABLE IF EXISTS `authtoken_token`;
/*!40101 SET @saved_cs_client     = @@character_set_client */;
/*!50503 SET character_set_client = utf8mb4 */;
CREATE TABLE `authtoken_token` (
  `key` varchar(40) CHARACTER SET utf8mb4 COLLATE utf8mb4_general_ci NOT NULL,
  `created` datetime(6) NOT NULL,
  `user_id` bigint NOT NULL,
  PRIMARY KEY (`key`),
  UNIQUE KEY `user_id` (`user_id`),
  CONSTRAINT `authtoken_token_user_id_35299eff_fk_accounts_user_id` FOREIGN KEY (`user_id`) REFERENCES `accounts_user` (`id`)
) ENGINE=InnoDB DEFAULT CHARSET=utf8mb4 COLLATE=utf8mb4_general_ci;
/*!40101 SET character_set_client = @saved_cs_client */;

--
-- Dumping data for table `authtoken_token`
--

LOCK TABLES `authtoken_token` WRITE;
/*!40000 ALTER TABLE `authtoken_token` DISABLE KEYS */;
/*!40000 ALTER TABLE `authtoken_token` ENABLE KEYS */;
UNLOCK TABLES;

--
-- Table structure for table `community_board`
--

DROP TABLE IF EXISTS `community_board`;
/*!40101 SET @saved_cs_client     = @@character_set_client */;
/*!50503 SET character_set_client = utf8mb4 */;
CREATE TABLE `community_board` (
  `id` bigint NOT NULL AUTO_INCREMENT,
  `writeDate` datetime(6) NOT NULL,
  `theme` varchar(20) CHARACTER SET utf8mb4 COLLATE utf8mb4_unicode_ci NOT NULL,
  `title` varchar(50) CHARACTER SET utf8mb4 COLLATE utf8mb4_unicode_ci NOT NULL,
  `content` longtext CHARACTER SET utf8mb4 COLLATE utf8mb4_unicode_ci NOT NULL,
  `imageList` json NOT NULL,
  `travel_id` bigint NOT NULL,
  `userId_id` bigint NOT NULL,
  PRIMARY KEY (`id`),
  KEY `community_board_travel_id_78189f92_fk_community_travel_id` (`travel_id`),
  KEY `community_board_userId_id_137586de_fk_accounts_user_id` (`userId_id`),
  CONSTRAINT `community_board_travel_id_78189f92_fk_community_travel_id` FOREIGN KEY (`travel_id`) REFERENCES `community_travel` (`id`),
  CONSTRAINT `community_board_userId_id_137586de_fk_accounts_user_id` FOREIGN KEY (`userId_id`) REFERENCES `accounts_user` (`id`)
) ENGINE=InnoDB AUTO_INCREMENT=345 DEFAULT CHARSET=utf8mb4 COLLATE=utf8mb4_unicode_ci;
/*!40101 SET character_set_client = @saved_cs_client */;

--
-- Dumping data for table `community_board`
--

LOCK TABLES `community_board` WRITE;
/*!40000 ALTER TABLE `community_board` DISABLE KEYS */;
INSERT INTO `community_board` VALUES (328,'2023-02-13 17:27:21.717435','혼자','서울 나홀로 여행기!','등산 후에 미술관 방문!\n밥은 스시로!\n좋은 호텔에서 숙박까지!','[\"https://firebasestorage.googleapis.com/v0/b/myfoottrip.appspot.com/o/image%2Fboard%2F328%2FIMAGE_328_0.png?alt=media&token=dd0a77b9-1049-4ed5-a977-1946c3afa5ec\", \"https://firebasestorage.googleapis.com/v0/b/myfoottrip.appspot.com/o/image%2Fboard%2F328%2FIMAGE_328_1.png?alt=media&token=f43c4ebd-a66c-4965-b833-a2b5cbeade3e\", \"https://firebasestorage.googleapis.com/v0/b/myfoottrip.appspot.com/o/image%2Fboard%2F328%2FIMAGE_328_2.png?alt=media&token=a9903212-ae32-4a11-b130-f84dd91e8a6e\", \"https://firebasestorage.googleapis.com/v0/b/myfoottrip.appspot.com/o/image%2Fboard%2F328%2FIMAGE_328_3.png?alt=media&token=cf879095-6476-4070-adc7-e05b127ee175\", \"https://firebasestorage.googleapis.com/v0/b/myfoottrip.appspot.com/o/image%2Fboard%2F328%2FIMAGE_328_4.png?alt=media&token=8252ee5c-6301-4a06-a80a-e13a6dae61b3\"]',314,29),(330,'2023-02-13 16:21:51.152818','혼자','마 부산 가봤나!','나는 혼자갔다 아이가!','[]',316,37),(331,'2023-02-13 17:26:51.196349','친구와','부산 먹방 여행!','너무 맛있는데가 많아요 ㅠㅠ','[\"https://firebasestorage.googleapis.com/v0/b/myfoottrip.appspot.com/o/image%2Fboard%2F331%2FIMAGE_331_0.png?alt=media&token=362660ca-3ada-4629-9a9e-746c9425d054\", \"https://firebasestorage.googleapis.com/v0/b/myfoottrip.appspot.com/o/image%2Fboard%2F331%2FIMAGE_331_1.png?alt=media&token=8bda6ca0-8e3b-4b74-b46d-1df2eaf39b2c\"]',317,68),(333,'2023-02-13 20:58:53.463512','친구와','부산바캉스 ~1박2일~','부산 자주 가지는 않지만, 역시 사람이 엄청 많다 ㄷㄷ!','[\"https://firebasestorage.googleapis.com/v0/b/myfoottrip.appspot.com/o/image%2Fboard%2F333%2FIMAGE_333_0.png?alt=media&token=1958ad41-152d-4037-9d56-7ef4cfe23c13\", \"https://firebasestorage.googleapis.com/v0/b/myfoottrip.appspot.com/o/image%2Fboard%2F333%2FIMAGE_333_2.png?alt=media&token=52c33c78-823f-47ff-834d-15152a4e14dd\", \"https://firebasestorage.googleapis.com/v0/b/myfoottrip.appspot.com/o/image%2Fboard%2F333%2FIMAGE_333_3.png?alt=media&token=f34e83ba-2418-4185-a54b-9b8a38a024fe\"]',319,33),(334,'2023-02-13 17:54:38.435846','친구와','아이유 콘서트 다녀왔어요','유애나 오늘부터 가입 시작..!!\n올해도 콘서트 갑니다요','[\"https://firebasestorage.googleapis.com/v0/b/myfoottrip.appspot.com/o/image%2Fboard%2F1%2FIMAGE_1_0.png?alt=media&token=348f7b96-6a0d-44a1-883d-70abb948b4b2\", \"https://firebasestorage.googleapis.com/v0/b/myfoottrip.appspot.com/o/image%2Fboard%2F1%2FIMAGE_1_1.png?alt=media&token=0b773897-1ffb-4e5a-b8c4-c97af66e49cd\"]',318,68),(335,'2023-02-13 16:21:51.152818','혼자','성심당 빵투어','빵은 정말 너무 맛있어!','[]',320,68),(336,'2023-02-13 17:30:08.304776','부모님과','부모님과 건강 전통투어 갔다옴','부모님이 너무 건강하셔서 섬진강 자전거길 3시간주파해버렸다 죽는줄 알았다.','[\"https://firebasestorage.googleapis.com/v0/b/myfoottrip.appspot.com/o/image%2Fboard%2F1%2FIMAGE_1_0.png?alt=media&token=dab0a50a-e328-44f3-a4fc-5ee519127f1b\"]',340,5),(337,'2023-02-13 20:36:53.280439','연인과','경주 당일 투어','신라의 달밤~!','[\"https://firebasestorage.googleapis.com/v0/b/myfoottrip.appspot.com/o/image%2Fboard%2F337%2FIMAGE_337_0.png?alt=media&token=edcbc810-25e4-412f-88a9-280d7aa8da96\", \"https://firebasestorage.googleapis.com/v0/b/myfoottrip.appspot.com/o/image%2Fboard%2F337%2FIMAGE_337_1.png?alt=media&token=32d5a7c7-f653-4f42-b757-8f50ce068393\"]',321,33),(338,'2023-02-13 16:21:51.152818','혼자','제주 강행군','진짜 올레길은 전설이다','[]',322,37),(340,'2023-02-14 00:22:31.997247','친구와','오랜만에 대구에서 놀기!','대구에서 맛있는 음식도 먹고~ 재미있는 뽑기도 하고~','[\"https://firebasestorage.googleapis.com/v0/b/myfoottrip.appspot.com/o/image%2Fboard%2F1%2FIMAGE_1_1.png?alt=media&token=8e477679-f4f8-4e5d-a4b0-356728d4ff42\"]',315,33);
/*!40000 ALTER TABLE `community_board` ENABLE KEYS */;
UNLOCK TABLES;

--
-- Table structure for table `community_board_likeList`
--

DROP TABLE IF EXISTS `community_board_likeList`;
/*!40101 SET @saved_cs_client     = @@character_set_client */;
/*!50503 SET character_set_client = utf8mb4 */;
CREATE TABLE `community_board_likeList` (
  `id` bigint NOT NULL AUTO_INCREMENT,
  `board_id` bigint NOT NULL,
  `user_id` bigint NOT NULL,
  PRIMARY KEY (`id`),
  UNIQUE KEY `community_board_likeList_board_id_user_id_73ae959b_uniq` (`board_id`,`user_id`),
  KEY `community_board_likeList_user_id_2a728f94_fk_accounts_user_id` (`user_id`),
  CONSTRAINT `community_board_likeList_board_id_0383a1df_fk_community_board_id` FOREIGN KEY (`board_id`) REFERENCES `community_board` (`id`),
  CONSTRAINT `community_board_likeList_user_id_2a728f94_fk_accounts_user_id` FOREIGN KEY (`user_id`) REFERENCES `accounts_user` (`id`)
) ENGINE=InnoDB AUTO_INCREMENT=65 DEFAULT CHARSET=utf8mb4 COLLATE=utf8mb4_general_ci;
/*!40101 SET character_set_client = @saved_cs_client */;

--
-- Dumping data for table `community_board_likeList`
--

LOCK TABLES `community_board_likeList` WRITE;
/*!40000 ALTER TABLE `community_board_likeList` DISABLE KEYS */;
/*!40000 ALTER TABLE `community_board_likeList` ENABLE KEYS */;
UNLOCK TABLES;

--
-- Table structure for table `community_comment`
--

DROP TABLE IF EXISTS `community_comment`;
/*!40101 SET @saved_cs_client     = @@character_set_client */;
/*!50503 SET character_set_client = utf8mb4 */;
CREATE TABLE `community_comment` (
  `id` bigint NOT NULL AUTO_INCREMENT,
  `content` longtext CHARACTER SET utf8mb4 COLLATE utf8mb4_unicode_ci NOT NULL,
  `write_date` datetime(6) NOT NULL,
  `board_id` bigint NOT NULL,
  `user_id` bigint NOT NULL,
  `message` varchar(50) CHARACTER SET utf8mb4 COLLATE utf8mb4_unicode_ci NOT NULL,
  PRIMARY KEY (`id`),
  KEY `community_comment_board_id_2e7b6a52_fk_community_board_id` (`board_id`),
  KEY `community_comment_user_id_702f6fde_fk_accounts_user_id` (`user_id`),
  CONSTRAINT `community_comment_board_id_2e7b6a52_fk_community_board_id` FOREIGN KEY (`board_id`) REFERENCES `community_board` (`id`),
  CONSTRAINT `community_comment_user_id_702f6fde_fk_accounts_user_id` FOREIGN KEY (`user_id`) REFERENCES `accounts_user` (`id`)
) ENGINE=InnoDB AUTO_INCREMENT=224 DEFAULT CHARSET=utf8mb4 COLLATE=utf8mb4_unicode_ci;
/*!40101 SET character_set_client = @saved_cs_client */;

--
-- Dumping data for table `community_comment`
--

LOCK TABLES `community_comment` WRITE;
/*!40000 ALTER TABLE `community_comment` DISABLE KEYS */;
INSERT INTO `community_comment` VALUES (223,'제주도 여행갈 때 참고하겠습니다?','2023-02-13 17:53:15.081236',338,68,'');
/*!40000 ALTER TABLE `community_comment` ENABLE KEYS */;
UNLOCK TABLES;

--
-- Table structure for table `community_like`
--

DROP TABLE IF EXISTS `community_like`;
/*!40101 SET @saved_cs_client     = @@character_set_client */;
/*!50503 SET character_set_client = utf8mb4 */;
CREATE TABLE `community_like` (
  `id` bigint NOT NULL AUTO_INCREMENT,
  `board_id` bigint NOT NULL,
  `user_id` bigint NOT NULL,
  PRIMARY KEY (`id`),
  KEY `community_like_board_id_f8a2682f_fk_community_board_id` (`board_id`),
  KEY `community_like_user_id_690d9f50_fk_accounts_user_id` (`user_id`),
  CONSTRAINT `community_like_board_id_f8a2682f_fk_community_board_id` FOREIGN KEY (`board_id`) REFERENCES `community_board` (`id`),
  CONSTRAINT `community_like_user_id_690d9f50_fk_accounts_user_id` FOREIGN KEY (`user_id`) REFERENCES `accounts_user` (`id`)
) ENGINE=InnoDB AUTO_INCREMENT=119 DEFAULT CHARSET=utf8mb4 COLLATE=utf8mb4_general_ci;
/*!40101 SET character_set_client = @saved_cs_client */;

--
-- Dumping data for table `community_like`
--

LOCK TABLES `community_like` WRITE;
/*!40000 ALTER TABLE `community_like` DISABLE KEYS */;
INSERT INTO `community_like` VALUES (110,336,68),(111,328,68),(113,330,68),(114,333,68),(115,338,68),(116,328,29),(118,335,33);
/*!40000 ALTER TABLE `community_like` ENABLE KEYS */;
UNLOCK TABLES;

--
-- Table structure for table `community_notification`
--

DROP TABLE IF EXISTS `community_notification`;
/*!40101 SET @saved_cs_client     = @@character_set_client */;
/*!50503 SET character_set_client = utf8mb4 */;
CREATE TABLE `community_notification` (
  `id` bigint NOT NULL AUTO_INCREMENT,
  `msg` varchar(100) CHARACTER SET utf8mb4 COLLATE utf8mb4_unicode_ci NOT NULL,
  `notification_type` int NOT NULL,
  `createdate` datetime(6) NOT NULL,
  `creator_id` bigint NOT NULL,
  `to_id` bigint NOT NULL,
  PRIMARY KEY (`id`),
  KEY `community_notification_creator_id_6bf36c62_fk_accounts_user_id` (`creator_id`),
  KEY `community_notification_to_id_360af567_fk_accounts_user_id` (`to_id`),
  CONSTRAINT `community_notification_creator_id_6bf36c62_fk_accounts_user_id` FOREIGN KEY (`creator_id`) REFERENCES `accounts_user` (`id`),
  CONSTRAINT `community_notification_to_id_360af567_fk_accounts_user_id` FOREIGN KEY (`to_id`) REFERENCES `accounts_user` (`id`)
) ENGINE=InnoDB AUTO_INCREMENT=108 DEFAULT CHARSET=utf8mb4 COLLATE=utf8mb4_unicode_ci;
/*!40101 SET character_set_client = @saved_cs_client */;

--
-- Dumping data for table `community_notification`
--

LOCK TABLES `community_notification` WRITE;
/*!40000 ALTER TABLE `community_notification` DISABLE KEYS */;
INSERT INTO `community_notification` VALUES (101,'예구님이 서울 나홀로 여행기!에 좋아요를 눌렀습니다! ❤',0,'2023-02-13 17:52:23.518673',68,29),(102,'예구님이 오늘은 대구 투어!에 좋아요를 눌렀습니다! ❤',0,'2023-02-13 17:52:31.000237',68,33),(103,'예구님이 마 부산 가봤나!에 좋아요를 눌렀습니다! ❤',0,'2023-02-13 17:52:37.020889',68,37),(104,'예구님이 부산바캉스 ~1박2일~에 좋아요를 눌렀습니다! ❤',0,'2023-02-13 17:52:44.161227',68,33),(105,'예구님이 제주 강행군에 좋아요를 눌렀습니다! ❤',0,'2023-02-13 17:52:49.784024',68,37),(106,'예구님이 제주 강행군에 댓글이 달렸습니다!',1,'2023-02-13 17:53:15.089562',68,37),(107,'코틀린초보님이 성심당 빵투어에 좋아요를 눌렀습니다! ❤',0,'2023-02-13 21:09:18.791415',33,68);
/*!40000 ALTER TABLE `community_notification` ENABLE KEYS */;
UNLOCK TABLES;

--
-- Table structure for table `community_place`
--

DROP TABLE IF EXISTS `community_place`;
/*!40101 SET @saved_cs_client     = @@character_set_client */;
/*!50503 SET character_set_client = utf8mb4 */;
CREATE TABLE `community_place` (
  `id` bigint NOT NULL AUTO_INCREMENT,
  `placeName` varchar(20) CHARACTER SET utf8mb4 COLLATE utf8mb4_unicode_ci NOT NULL,
  `saveDate` datetime(6) NOT NULL,
  `memo` varchar(20) CHARACTER SET utf8mb4 COLLATE utf8mb4_unicode_ci NOT NULL,
  `latitude` double NOT NULL,
  `longitude` double NOT NULL,
  `address` varchar(255) CHARACTER SET utf8mb4 COLLATE utf8mb4_unicode_ci NOT NULL,
  `travel_id` bigint NOT NULL,
  PRIMARY KEY (`id`),
  KEY `community_place_travel_id_20280248_fk_community_travel_id` (`travel_id`),
  CONSTRAINT `community_place_travel_id_20280248_fk_community_travel_id` FOREIGN KEY (`travel_id`) REFERENCES `community_travel` (`id`)
) ENGINE=InnoDB AUTO_INCREMENT=10344 DEFAULT CHARSET=utf8mb4 COLLATE=utf8mb4_unicode_ci;
/*!40101 SET character_set_client = @saved_cs_client */;

--
-- Dumping data for table `community_place`
--

LOCK TABLES `community_place` WRITE;
/*!40000 ALTER TABLE `community_place` DISABLE KEYS */;
INSERT INTO `community_place` VALUES (1,'동대구역','2023-02-02 00:01:45.000000','서울가는길!얼마만이야ㅠ',35.87938339181076,128.628432638577,'대한민국 서울',318),(2,'서울역','2023-02-01 17:01:45.000000','서울 냄새도 좋다',37.55463649183715,126.97060636816535,'대한민국 서울',318),(3,'신라호텔','2023-02-01 19:01:45.000000','호캉스 가즈아',37.55600278216215,127.00548328993628,'대한민국 서울',318),(4,'봉추찜닭 잠실 새내점','2023-02-01 21:01:45.000000','콘서트는 맨정신..!',37.511249864675634,127.08039050374892,'대한민국 서울',318),(5,'잠실주경기장','2023-02-02 00:01:45.000000','아이유 콘서트ㅠㅠ너무재밌다',37.5143477393429,127.07238272284549,'대한민국 서울',318),(6,'신라호텔','2023-02-01 17:01:45.000000','숙소가 최고지예!',37.55600278216215,127.00548328993628,'대한민국 서울',318),(7,'진저베어','2023-02-01 19:01:45.000000','진짜 비싼데 맛있어서 짜증',37.51124986467563,127.08039050374892,'대한민국 서울',318),(8,'더현대','2023-02-01 21:01:45.000000','사람 너무많아서 다신 안올듯',37.52579999776486,126.92845750580376,'대한민국 서울',318),(9,'서울역','2023-02-02 00:01:45.000000','서울 안녕!',37.55463649183715,126.97060636816535,'대한민국 서울',318),(10,'집','2023-02-02 00:01:45.000000','집에서 출발합니다!',35.8637394939329,128.63808163823973,'대구광역시 동원로 11길 21-1',319),(11,'동대구역','2023-02-01 17:01:45.000000','기차타고 갑네다~!',35.87938339181076,128.628432638577,'대구 동구 동대구로 550',319),(12,'부산역','2023-02-01 19:01:45.000000','여기가 부산인겨',35.11509431939841,129.04141881195338,'부산 동구 중앙대로 206',319),(13,'가야밀면 부산 해운점','2023-02-01 21:01:45.000000','줄 미쳤네ㄷㄷ밀면은 너무 맛',35.1673926711908,129.15839103162625,'부산 해운대구 좌동순환로 27 해운대 가야밀면',319),(14,'해운대 이름난 암소갈비','2023-02-02 00:01:45.000000','와 갈비 무쳤고!',35.220153028783436,129.14274476340972,'부산 해운대구 달맞이길 22',319),(15,'라마다 앙코르','2023-02-01 17:01:45.000000','너무 편하게 쉬고 갑니다 ㅎ',35.16330716448239,129.15958889005864,'부산 해운대구 구남로 9',319),(16,'골목게장','2023-02-01 19:01:45.000000','게장 너무 맛있습니다',35.1394479,129.0590053,'부산 동구 범일로 103-8',319),(17,'디아펠리즈 송도점	','2023-02-01 21:01:45.000000','바다 뷰 너무좋다 이제 집으로 다시',35.073207,129.0165744,'부산 서구 암남공원로 39',319),(18,'고속버스 터미널','2023-02-01 21:01:45.000000','대전 빵투어 가즈아',37.525799997764864,126.92845750580376,'대한민국 대전',320),(19,'대전 복합 터미널','2023-02-02 00:01:45.000000','대전 도착!!!',36.35049566195147,127.43673477717186,'대한민국 대전',320),(20,'성심당 본점','2023-02-01 17:01:45.000000','빵 싹쓸이하러 왔습니닷!',36.327662555065224,127.42727164737049,'대한민국 대전',320),(21,'두끼 떡볶이','2023-02-01 19:01:45.000000','대전에서도 떡볶이먹는사람 여기요!',36.32802859257483,127.42760497610702,'대한민국 대전',320),(22,'대전 복합터미널','2023-02-01 21:01:45.000000','대전 여행 끝!',36.35049566195147,127.43673477717186,'대한민국 대전',320),(24,'경주 시외버스터미널','2023-02-01 21:01:45.000000','경주 도착',35.839782,129.202485,'경북 경주시 강변로 184',321),(25,'청온채','2023-02-02 00:01:45.000000','육회 비빔밥 너무 맛있다!',35.8376128,129.2088054,'경북 경주시 포석로1079번길 8-5 청온채',321),(26,'첨성대','2023-02-01 17:01:45.000000','첨성대 처음가봄 ㅋㅋ',35.8346828,129.2190631,'경북 경주시 인왕동 839-1',321),(27,'올리브','2023-02-01 19:01:45.000000','딸기 케이크 너무 맛있었습니다',35.8373766,129.2090454,'경북 경주시 사정로57번길 7-6',321),(28,'동궁과 월지','2023-02-01 21:01:45.000000','야경 너무 좋아용',35.8341593,129.2265835,'경북 경주시 원화로 102 안압지',321),(29,'제주 공항 도착','2023-02-02 00:01:45.000000','',33.5106,126.4914,'대한민국 제주',322),(30,'렌터카 대여','2023-02-01 17:01:45.000000','',33.5042,126.4938,'대한민국 제주',322),(31,'제주돔베고기집','2023-02-01 19:01:45.000000','고기국수',33.4879,126.4786,'대한민국 제주',322),(32,'호텔 도착','2023-02-01 21:01:45.000000','그랜드 조선 제주',33.2525,126.408,'대한민국 제주',322),(33,'다음날 호텔 출발','2023-02-02 00:01:45.000000','그랜드 조선 제주',33.2525,126.408,'대한민국 제주',322),(34,'이니스프리 제주하우스','2023-02-01 17:01:45.000000','',33.3065,126.2909,'대한민국 제주',322),(35,'제주연돈','2023-02-01 19:01:45.000000','줄 3시간 기다림',33.259,126.4072,'대한민국 제주',322),(36,'주상절리대','2023-02-01 21:01:45.000000','',33.3065,126.2909,'대한민국 제주',322),(37,'롯데 호텔 제주','2023-02-02 00:01:45.000000','',33.2487,126.4106,'대한민국 제주',322),(38,'롯데호텔 제주','2023-02-02 00:01:45.000000','',33.2487,126.4106,'대한민국 제주',322),(39,'용머리 해얀','2023-02-01 17:01:45.000000','',33.232,126.3147,'대한민국 제주',322),(40,'더비치크랩','2023-02-01 19:01:45.000000','',33.2282,126.3078,'대한민국 제주',322),(41,'제주 올레 7코스','2023-02-01 21:01:45.000000','하차',33.2414,126.548,'대한민국 제주',322),(42,'제주 올레 7코스','2023-02-02 00:01:45.000000','이동',33.2422,126.5527,'대한민국 제주',322),(43,'제주 올레 7코스','2023-02-01 17:01:45.000000','이동',33.2422,126.5527,'대한민국 제주',322),(44,'제주 올레 7코스','2023-02-01 19:01:45.000000','잠깐 편의점 들림',33.2439,126.5548,'대한민국 제주',322),(45,'제주 올레 7코스','2023-02-01 21:01:45.000000','이동',33.2403,126.5588,'대한민국 제주',322),(46,'제주올레 7코스','2023-02-01 21:01:45.000000','이동',33.2403,126.5588,'대한민국 제주',322),(47,'제주 올레 7코스','2023-02-02 00:01:45.000000','이동',33.2435,126.5608,'대한민국 제주',322),(48,'제주 올레 7코스','2023-02-01 17:01:45.000000','이동',33.2414,126.5613,'대한민국 제주',322),(49,'제주 올레 7코스','2023-02-01 19:01:45.000000','복귀 택시 탑승',33.2399,126.5626,'대한민국 제주',322),(50,'복귀 차량 탑승','2023-02-01 21:01:45.000000','',33.2413,126.5479,'대한민국 제주',322),(51,'스노클링 조지기','2023-02-01 21:01:45.000000','',33.2419,126.5001,'대한민국 제주',322),(52,'숙소 복귀','2023-02-01 21:01:45.000000','제주 신라호텔',33.2475,126.4081,'대한민국 제주',322),(53,'숙소 출발','2023-02-02 00:01:45.000000','',33.2475,126.4081,'대한민국 제주',322),(54,'렌트카 반납','2023-02-01 17:01:45.000000','다시 집으로 ㅠㅠ',33.5043,126.4933,'대한민국 제주',322),(55,'제주공항 도착','2023-02-01 17:01:45.000000','다시 집으로 ㅠㅠ',33.5059,126.4934,'대한민국 제주',322),(56,'집','2023-02-02 00:01:45.000000','집에서 출발합니다!',35.86373949393291,128.63808163823973,'대구광역시 동원로 11길 21-1',315),(57,'신룽푸마라탕 대구점','2023-02-01 17:01:45.000000','점심은 마라탕이지!',35.86755726110772,128.59373741688287,'대구 중구 중앙대로 386 2층',315),(58,'히든토이 대구본점','2023-02-01 19:01:45.000000','오늘은 꼭 뽑기 성공해야지!',35.868800444787766,128.5978365436589,'대구 중구 동성로6길 43 B1',315),(59,'랑데자뷰 대구동성로점','2023-02-01 21:01:45.000000','여기 카페 분위기 미쳤다',35.8682397,128.5973286,'대구 중구 동성로2길 50-9',315),(60,'송원생고기육회','2023-02-02 00:01:45.000000','생고기 너무 맛있겠고',35.86274419566711,128.61405487486138,'대구 수성구 신천동로88길 69',315),(100,'버스터미널 도착','2023-02-02 17:01:45.000000','버스멀미를 심하게 했당',35.163940950624344,126.87488165756865,'대한민국 광주광역시',340),(101,'호텔B','2023-02-02 18:01:45.000000','호텔에 체크인',35.15073613296778,126.85290079555132,'대한민국 광주광역시',340),(102,'성미당 본점','2023-02-02 19:01:45.000000','비빔밥을 비비빅!',35.153590576602596,126.8523963021704,'대한민국 전주시',340),(103,'전주한옥마을','2023-02-03 17:01:45.000000','한복입고 한컷',35.826788162285496,127.145215596514,'대한민국 전주시',340),(104,'무등산 지왕봉','2023-02-03 22:01:45.000000','무등산정상에서 야호를 외치다',35.124122282214124,127.00796488389864,'대한민국 광주광역시',340),(105,'섬진강자전거길','2023-02-04 12:01:45.000000','자전거길 출발 힘이넘쳐요',35.24891099513516,127.38080798100512,'대한민국 곡성군',340),(106,'여수자전거도로','2023-02-04 17:01:45.000000','자전거타고 여수까지 왔더니 지쳐요',34.76110267786601,127.57907014202901,'대한민국 여수시',340),(107,'광주공항','2023-02-06 11:01:45.000000','자전거 너무타서 집 갈땐 비행기',35.24891099513516,127.38080798100512,'대한민국 광주광역시',340),(10320,'관악산','2023-02-01 16:01:45.000000','등산 너무 재밌어!',37.4401,126.9582,'대한민국 서울 관악구',314),(10321,'남서울 미술관','2023-02-01 17:01:45.000000','미술관 즐감중!',37.4765,126.9796,'대한민국 서울 관악구',314),(10322,'교꾸스시','2023-02-01 19:01:45.000000','스시 존맛...',37.4761,126.9779,'대한민국 서울 관악구',314),(10323,'남산','2023-02-01 21:01:45.000000','서울의 야경...',37.5518,126.9882,'대한민국 서울 관악구',314),(10324,'신라호텔','2023-02-02 00:01:45.000000','역시 삼성가의 호텔인가!',37.5578,127.0077,'대한민국 서울 관악구',314),(10330,'동대구역','2023-02-01 17:01:45.000000','출발',35.879667,128.628476,'동대구역',316),(10331,'여기 커피','2023-02-01 19:01:45.000000','쌉 꿀맛임',35.1061515,129.035298,'부산 리콰이얼먼트 커피',316),(10332,'앙','2023-02-01 21:01:45.000000','점심띠',35.1101436,129.0383706,'부산 그집 곱도리탕',316),(10333,'산책','2023-02-02 00:01:45.000000','스근하이',35.1599299,129.1831208,'달맞이길',316),(10334,'부산역','2023-02-01 17:01:45.000000','부산역 도착!',35.11509431939841,129.04141881195338,'대한민국 부산',317),(10335,'해운대 초량밀면','2023-02-01 19:01:45.000000','밀면은 항상 옳다',35.162195516844605,129.04411241729514,'대한민국 부산',317),(10336,'카페 리본','2023-02-01 21:01:45.000000','밥 먹고 카페는 국룰이쥬',35.11557834666047,129.04411241729514,'대한민국 부산',317),(10337,'인생네컷 해운대 광장점','2023-02-02 00:01:45.000000','인생네컷 국룰 of 국룰',35.16151808484552,129.16099553812901,'대한민국 부산',317),(10338,'양가네 양곱창','2023-02-01 17:01:45.000000','여기 곱창 진짜 맛있다 ㅠㅠ',35.1627910509036,129.15896895739013,'대한민국 부산',317),(10339,'타츠타츠','2023-02-01 19:01:45.000000','부산 술은 더 달다',35.161765327822,129.16380301885192,'대한민국 부산',317),(10340,'우리돼지국밥','2023-02-01 21:01:45.000000','해장은 역시 해장국밥',35.11659313353628,129.0413821824443,'대한민국 부산',317),(10341,'부산역','2023-02-02 00:01:45.000000','부산 존잼!',35.11509431939841,129.04141881195338,'대한민국 부산',317);
/*!40000 ALTER TABLE `community_place` ENABLE KEYS */;
UNLOCK TABLES;

--
-- Table structure for table `community_placeimage`
--

DROP TABLE IF EXISTS `community_placeimage`;
/*!40101 SET @saved_cs_client     = @@character_set_client */;
/*!50503 SET character_set_client = utf8mb4 */;
CREATE TABLE `community_placeimage` (
  `id` bigint NOT NULL AUTO_INCREMENT,
  `picture` varchar(100) DEFAULT NULL,
  `place_id` bigint NOT NULL,
  PRIMARY KEY (`id`),
  KEY `community_placeimage_place_id_ca72f4f8_fk_community_place_id` (`place_id`),
  CONSTRAINT `community_placeimage_place_id_ca72f4f8_fk_community_place_id` FOREIGN KEY (`place_id`) REFERENCES `community_place` (`id`)
) ENGINE=InnoDB AUTO_INCREMENT=216 DEFAULT CHARSET=utf8mb4 COLLATE=utf8mb4_0900_ai_ci;
/*!40101 SET character_set_client = @saved_cs_client */;

--
-- Dumping data for table `community_placeimage`
--

LOCK TABLES `community_placeimage` WRITE;
/*!40000 ALTER TABLE `community_placeimage` DISABLE KEYS */;
INSERT INTO `community_placeimage` VALUES (171,'palce_image/2023/02/1_0placePhoto_cmaksc0.jpg',10321),(172,'palce_image/2023/02/4_0placePhoto.jpg',10324),(173,'palce_image/2023/02/0_0placePhoto_oLI6fKm.jpg',10320),(178,'palce_image/2023/02/0_0placePhoto_XGACHId.jpg',10330),(179,'palce_image/2023/02/1_0placePhoto_0ypnDcq.jpg',10331),(180,'palce_image/2023/02/1_1placePhoto_MajECG8.jpg',10331),(181,'palce_image/2023/02/1_2placePhoto_pxk7X7x.jpg',10331),(182,'palce_image/2023/02/2_0placePhoto_V8sGY2W.jpg',10332),(183,'palce_image/2023/02/2_1placePhoto_4VBEe1a.jpg',10332),(184,'palce_image/2023/02/3_0placePhoto_hjqIgMB.jpg',10333),(185,'palce_image/2023/02/3_1placePhoto_n3pyR88.jpg',10333),(186,'palce_image/2023/02/0_0placePhoto_qoyTQXl.jpg',1),(187,'palce_image/2023/02/2_0placePhoto_Z6O6NU2.jpg',3),(188,'palce_image/2023/02/3_0placePhoto_PieFWpl.jpg',4),(189,'palce_image/2023/02/4_0placePhoto_Sr1FjaZ.jpg',5),(190,'palce_image/2023/02/5_0placePhoto_kDfdduW.jpg',6),(191,'palce_image/2023/02/6_0placePhoto.jpg',7),(192,'palce_image/2023/02/7_0placePhoto.jpg',8),(193,'palce_image/2023/02/2_0placePhoto_2QNP22u.jpg',102),(194,'palce_image/2023/02/3_0placePhoto_uZsKaPA.jpg',103),(195,'palce_image/2023/02/4_0placePhoto_nqnMIpM.jpg',104),(196,'palce_image/2023/02/5_0placePhoto_dW6Zj1J.jpg',105),(197,'palce_image/2023/02/3_0placePhoto_wscwOqV.jpg',13),(198,'palce_image/2023/02/4_0placePhoto_4kgcdMp.jpg',14),(199,'palce_image/2023/02/5_0placePhoto_y1MfI4C.jpg',15),(200,'palce_image/2023/02/6_0placePhoto_p9jN0YD.jpg',16),(201,'palce_image/2023/02/7_0placePhoto_6jGqmuT.jpg',17),(202,'palce_image/2023/02/0_0placePhoto_4945f2X.jpg',29),(203,'palce_image/2023/02/0_1placePhoto_ywZqyEq.jpg',29),(205,'palce_image/2023/02/1_0placePhoto_4ojd1UD.jpg',101),(206,'palce_image/2023/02/1_0placePhoto_AeGFjx1.jpg',25),(207,'palce_image/2023/02/2_0placePhoto_H5eIEeM.jpg',26),(208,'palce_image/2023/02/3_0placePhoto_3mrscP3.jpg',27),(209,'palce_image/2023/02/4_0placePhoto_nQXG6Ja.jpg',28),(210,'palce_image/2023/02/1_0placePhoto_86eHmHk.jpg',57),(211,'palce_image/2023/02/2_0placePhoto_TwFdRFo.jpg',58),(212,'palce_image/2023/02/3_0placePhoto_mB8dxGN.jpg',59),(213,'palce_image/2023/02/4_0placePhoto_n9jTD0q.jpg',60),(214,'palce_image/2023/02/2_0placePhoto_WZptef3.jpg',10322),(215,'palce_image/2023/02/0_1placePhoto_ck6EeAU.jpg',10320);
/*!40000 ALTER TABLE `community_placeimage` ENABLE KEYS */;
UNLOCK TABLES;

--
-- Table structure for table `community_travel`
--

DROP TABLE IF EXISTS `community_travel`;
/*!40101 SET @saved_cs_client     = @@character_set_client */;
/*!50503 SET character_set_client = utf8mb4 */;
CREATE TABLE `community_travel` (
  `id` bigint NOT NULL AUTO_INCREMENT,
  `location` json NOT NULL,
  `startDate` datetime(6) NOT NULL,
  `endDate` datetime(6) NOT NULL,
  `userId_id` bigint NOT NULL,
  PRIMARY KEY (`id`),
  KEY `community_travel_userId_id_60e7b065_fk_accounts_user_id` (`userId_id`),
  CONSTRAINT `community_travel_userId_id_60e7b065_fk_accounts_user_id` FOREIGN KEY (`userId_id`) REFERENCES `accounts_user` (`id`)
) ENGINE=InnoDB AUTO_INCREMENT=343 DEFAULT CHARSET=utf8mb4 COLLATE=utf8mb4_unicode_ci;
/*!40101 SET character_set_client = @saved_cs_client */;

--
-- Dumping data for table `community_travel`
--

LOCK TABLES `community_travel` WRITE;
/*!40000 ALTER TABLE `community_travel` DISABLE KEYS */;
INSERT INTO `community_travel` VALUES (314,'[\"서울\"]','2023-02-01 16:01:45.000000','2023-02-14 08:56:41.000000',29),(315,'[\"경북·대구\"]','2023-02-02 00:01:45.000000','2023-02-13 21:08:17.000000',33),(316,'[\"부산\"]','2023-02-01 17:01:45.000000','2023-02-13 17:17:32.000000',37),(317,'[\"부산\"]','2023-02-01 17:01:45.000000','2023-02-02 16:39:45.000000',68),(318,'[\"서울\"]','2023-02-02 00:01:45.000000','2023-02-13 17:23:11.000000',68),(319,'[\"부산\"]','2023-02-02 00:01:45.000000','2023-02-13 17:53:23.000000',33),(320,'[\"대전\"]','2023-02-01 17:01:45.000000','2023-02-02 16:39:45.000000',68),(321,'[\"경북·대구\"]','2023-02-01 21:01:45.000000','2023-02-13 20:32:55.000000',33),(322,'[\"제주\"]','2023-02-02 00:01:45.000000','2023-02-13 17:56:07.000000',37),(340,'[\"전남·광주\"]','2023-02-02 17:01:45.000000','2023-02-13 18:45:32.000000',5);
/*!40000 ALTER TABLE `community_travel` ENABLE KEYS */;
UNLOCK TABLES;

--
-- Table structure for table `django_admin_log`
--

DROP TABLE IF EXISTS `django_admin_log`;
/*!40101 SET @saved_cs_client     = @@character_set_client */;
/*!50503 SET character_set_client = utf8mb4 */;
CREATE TABLE `django_admin_log` (
  `id` int NOT NULL AUTO_INCREMENT,
  `action_time` datetime(6) NOT NULL,
  `object_id` longtext CHARACTER SET utf8mb4 COLLATE utf8mb4_general_ci,
  `object_repr` varchar(200) CHARACTER SET utf8mb4 COLLATE utf8mb4_general_ci NOT NULL,
  `action_flag` smallint unsigned NOT NULL,
  `change_message` longtext CHARACTER SET utf8mb4 COLLATE utf8mb4_general_ci NOT NULL,
  `content_type_id` int DEFAULT NULL,
  `user_id` bigint NOT NULL,
  PRIMARY KEY (`id`),
  KEY `django_admin_log_content_type_id_c4bce8eb_fk_django_co` (`content_type_id`),
  KEY `django_admin_log_user_id_c564eba6_fk_accounts_user_id` (`user_id`),
  CONSTRAINT `django_admin_log_content_type_id_c4bce8eb_fk_django_co` FOREIGN KEY (`content_type_id`) REFERENCES `django_content_type` (`id`),
  CONSTRAINT `django_admin_log_user_id_c564eba6_fk_accounts_user_id` FOREIGN KEY (`user_id`) REFERENCES `accounts_user` (`id`),
  CONSTRAINT `django_admin_log_chk_1` CHECK ((`action_flag` >= 0))
) ENGINE=InnoDB DEFAULT CHARSET=utf8mb4 COLLATE=utf8mb4_general_ci;
/*!40101 SET character_set_client = @saved_cs_client */;

--
-- Dumping data for table `django_admin_log`
--

LOCK TABLES `django_admin_log` WRITE;
/*!40000 ALTER TABLE `django_admin_log` DISABLE KEYS */;
/*!40000 ALTER TABLE `django_admin_log` ENABLE KEYS */;
UNLOCK TABLES;

--
-- Table structure for table `django_content_type`
--

DROP TABLE IF EXISTS `django_content_type`;
/*!40101 SET @saved_cs_client     = @@character_set_client */;
/*!50503 SET character_set_client = utf8mb4 */;
CREATE TABLE `django_content_type` (
  `id` int NOT NULL AUTO_INCREMENT,
  `app_label` varchar(100) CHARACTER SET utf8mb4 COLLATE utf8mb4_general_ci NOT NULL,
  `model` varchar(100) CHARACTER SET utf8mb4 COLLATE utf8mb4_general_ci NOT NULL,
  PRIMARY KEY (`id`),
  UNIQUE KEY `django_content_type_app_label_model_76bd3d3b_uniq` (`app_label`,`model`)
) ENGINE=InnoDB AUTO_INCREMENT=26 DEFAULT CHARSET=utf8mb4 COLLATE=utf8mb4_general_ci;
/*!40101 SET character_set_client = @saved_cs_client */;

--
-- Dumping data for table `django_content_type`
--

LOCK TABLES `django_content_type` WRITE;
/*!40000 ALTER TABLE `django_content_type` DISABLE KEYS */;
INSERT INTO `django_content_type` VALUES (16,'account','emailaddress'),(17,'account','emailconfirmation'),(1,'accounts','emailvalidatemodel'),(21,'accounts','firebase'),(2,'accounts','user'),(8,'admin','logentry'),(10,'auth','group'),(9,'auth','permission'),(13,'authtoken','token'),(14,'authtoken','tokenproxy'),(3,'community','board'),(7,'community','comment'),(6,'community','like'),(22,'community','notification'),(5,'community','place'),(25,'community','placeimage'),(4,'community','travel'),(11,'contenttypes','contenttype'),(12,'sessions','session'),(15,'sites','site'),(18,'socialaccount','socialaccount'),(19,'socialaccount','socialapp'),(20,'socialaccount','socialtoken'),(23,'token_blacklist','blacklistedtoken'),(24,'token_blacklist','outstandingtoken');
/*!40000 ALTER TABLE `django_content_type` ENABLE KEYS */;
UNLOCK TABLES;

--
-- Table structure for table `django_migrations`
--

DROP TABLE IF EXISTS `django_migrations`;
/*!40101 SET @saved_cs_client     = @@character_set_client */;
/*!50503 SET character_set_client = utf8mb4 */;
CREATE TABLE `django_migrations` (
  `id` bigint NOT NULL AUTO_INCREMENT,
  `app` varchar(255) CHARACTER SET utf8mb4 COLLATE utf8mb4_general_ci NOT NULL,
  `name` varchar(255) CHARACTER SET utf8mb4 COLLATE utf8mb4_general_ci NOT NULL,
  `applied` datetime(6) NOT NULL,
  PRIMARY KEY (`id`)
) ENGINE=InnoDB AUTO_INCREMENT=58 DEFAULT CHARSET=utf8mb4 COLLATE=utf8mb4_general_ci;
/*!40101 SET character_set_client = @saved_cs_client */;

--
-- Dumping data for table `django_migrations`
--

LOCK TABLES `django_migrations` WRITE;
/*!40000 ALTER TABLE `django_migrations` DISABLE KEYS */;
INSERT INTO `django_migrations` VALUES (1,'contenttypes','0001_initial','2023-01-30 10:24:38.742929'),(2,'contenttypes','0002_remove_content_type_name','2023-01-30 10:24:38.847785'),(3,'auth','0001_initial','2023-01-30 10:24:39.278553'),(4,'auth','0002_alter_permission_name_max_length','2023-01-30 10:24:39.373192'),(5,'auth','0003_alter_user_email_max_length','2023-01-30 10:24:39.384002'),(6,'auth','0004_alter_user_username_opts','2023-01-30 10:24:39.403266'),(7,'auth','0005_alter_user_last_login_null','2023-01-30 10:24:39.414099'),(8,'auth','0006_require_contenttypes_0002','2023-01-30 10:24:39.422184'),(9,'auth','0007_alter_validators_add_error_messages','2023-01-30 10:24:39.434078'),(10,'auth','0008_alter_user_username_max_length','2023-01-30 10:24:39.444687'),(11,'auth','0009_alter_user_last_name_max_length','2023-01-30 10:24:39.455713'),(12,'auth','0010_alter_group_name_max_length','2023-01-30 10:24:39.484344'),(13,'auth','0011_update_proxy_permissions','2023-01-30 10:24:39.495981'),(14,'auth','0012_alter_user_first_name_max_length','2023-01-30 10:24:39.507259'),(15,'accounts','0001_initial','2023-01-30 10:24:40.063677'),(16,'account','0001_initial','2023-01-30 10:24:40.321007'),(17,'account','0002_email_max_length','2023-01-30 10:24:40.351331'),(18,'accounts','0002_alter_user_nickname','2023-01-30 10:24:40.432355'),(19,'admin','0001_initial','2023-01-30 10:24:40.659651'),(20,'admin','0002_logentry_remove_auto_add','2023-01-30 10:24:40.676849'),(21,'admin','0003_logentry_add_action_flag_choices','2023-01-30 10:24:40.691561'),(22,'authtoken','0001_initial','2023-01-30 10:24:40.847189'),(23,'authtoken','0002_auto_20160226_1747','2023-01-30 10:24:40.886832'),(24,'authtoken','0003_tokenproxy','2023-01-30 10:24:40.897380'),(25,'community','0001_initial','2023-01-30 10:24:42.059817'),(26,'sessions','0001_initial','2023-01-30 10:24:42.129366'),(27,'sites','0001_initial','2023-01-30 10:24:42.177837'),(28,'sites','0002_alter_domain_unique','2023-01-30 10:24:42.207664'),(29,'socialaccount','0001_initial','2023-01-30 10:24:42.958145'),(30,'socialaccount','0002_token_max_lengths','2023-01-30 10:24:43.045450'),(31,'socialaccount','0003_extra_data_default_dict','2023-01-30 10:24:43.066147'),(32,'community','0002_alter_place_placeimglist','2023-01-30 13:44:41.558777'),(33,'community','0002_alter_place_savedate','2023-01-31 13:38:54.543329'),(34,'community','0003_alter_place_address','2023-01-31 17:17:34.405707'),(35,'accounts','0002_user_firebase','2023-02-02 09:30:08.662151'),(36,'accounts','0003_auto_20230202_0921','2023-02-02 09:30:08.871327'),(37,'community','0004_notification','2023-02-02 09:30:09.139605'),(38,'community','0005_auto_20230202_0921','2023-02-02 09:30:09.185941'),(39,'token_blacklist','0001_initial','2023-02-02 09:30:09.559835'),(40,'token_blacklist','0002_outstandingtoken_jti_hex','2023-02-02 09:30:09.614585'),(41,'token_blacklist','0003_auto_20171017_2007','2023-02-02 09:30:09.646962'),(42,'token_blacklist','0004_auto_20171017_2013','2023-02-02 09:30:09.825680'),(43,'token_blacklist','0005_remove_outstandingtoken_jti','2023-02-02 09:30:09.925429'),(44,'token_blacklist','0006_auto_20171017_2113','2023-02-02 09:30:09.987035'),(45,'token_blacklist','0007_auto_20171017_2214','2023-02-02 09:30:10.403323'),(46,'token_blacklist','0008_migrate_to_bigautofield','2023-02-02 09:30:10.826031'),(47,'token_blacklist','0010_fix_migrate_to_bigautofield','2023-02-02 09:30:10.858622'),(48,'token_blacklist','0011_linearizes_history','2023-02-02 09:30:10.865610'),(49,'token_blacklist','0012_alter_outstandingtoken_user','2023-02-02 09:30:10.893375'),(50,'community','0006_comment_message','2023-02-02 13:45:04.107088'),(51,'community','0007_auto_20230203_1426','2023-02-03 14:26:59.436413'),(52,'accounts','0002_auto_20230206_1023','2023-02-06 10:29:49.777247'),(53,'accounts','0003_alter_user_profileimg','2023-02-06 13:30:17.279844'),(54,'accounts','0002_alter_user_username','2023-02-07 18:47:11.981475'),(55,'community','0002_auto_20230208_1454','2023-02-08 14:54:19.283811'),(56,'community','0003_auto_20230208_1504','2023-02-08 15:04:13.390207'),(57,'community','0004_auto_20230208_1517','2023-02-08 15:17:58.851252');
/*!40000 ALTER TABLE `django_migrations` ENABLE KEYS */;
UNLOCK TABLES;

--
-- Table structure for table `django_session`
--

DROP TABLE IF EXISTS `django_session`;
/*!40101 SET @saved_cs_client     = @@character_set_client */;
/*!50503 SET character_set_client = utf8mb4 */;
CREATE TABLE `django_session` (
  `session_key` varchar(40) CHARACTER SET utf8mb4 COLLATE utf8mb4_general_ci NOT NULL,
  `session_data` longtext CHARACTER SET utf8mb4 COLLATE utf8mb4_general_ci NOT NULL,
  `expire_date` datetime(6) NOT NULL,
  PRIMARY KEY (`session_key`),
  KEY `django_session_expire_date_a5c62663` (`expire_date`)
) ENGINE=InnoDB DEFAULT CHARSET=utf8mb4 COLLATE=utf8mb4_general_ci;
/*!40101 SET character_set_client = @saved_cs_client */;

--
-- Dumping data for table `django_session`
--

LOCK TABLES `django_session` WRITE;
/*!40000 ALTER TABLE `django_session` DISABLE KEYS */;
INSERT INTO `django_session` VALUES ('082pp1ilulocb227wvfq7u8yl23u31sn','.eJxVjDEOwyAQBP9CHSHAwOGU6f0GdMARnEQgGbuK8vfYkouk2WJndt_M47YWv3Va_JzYlRl2-e0CxifVA6QH1nvjsdV1mQM_FH7SzqeW6HU73b-Dgr3sa6mSo8EBSshW6-AcOjmIPUWgCFLDKNEGSBZRRDtap2wGo7MQRmVD7PMFyTs3Ig:1pRSKB:9tDgS_aRO_DuKlZLY9GaTh7VqblVjBrB1UsTZVaz82A','2023-02-27 15:28:27.233387'),('0ajla5u1a5og35t4i4b1zqyoqrwyt4v2','.eJxVjDEOwyAQBP9CHSHAwOGU6f0GdMARnEQgGbuK8vfYkouk2WJndt_M47YWv3Va_JzYlRl2-e0CxifVA6QH1nvjsdV1mQM_FH7SzqeW6HU73b-Dgr3sa6mSo8EBSshW6-AcOjmIPUWgCFLDKNEGSBZRRDtap2wGo7MQRmVD7PMFyTs3Ig:1pRUcJ:jp1H-kQEPZf-Yer3-Wb60kT1IHSEnFySK4W-aQx20yA','2023-02-27 17:55:19.468371'),('0mimmhq7iaabuvqqu6x3hdin7jw9vqnw','.eJxVjEEOwiAQRe_C2hBgWoe6dN8zkBkYbNVAUtqV8e7apAvd_vfef6lA2zqFrckS5qQuCnp1-h2Z4kPKTtKdyq3qWMu6zKx3RR-06bEmeV4P9-9gojZ9a-u7aIYICII-IyKhY8ss7Cwl4zL2mNnBYEVAHOXsAH20poMziAzq_QEFljgK:1pRNPp:16T44wdp3HflCgpuhz7LBPMWW7HAI2lC63IzWo5f4Ds','2023-02-27 10:13:57.338577'),('0wu7q6923gsyf1aqi73vf1jv6r6kl37p','.eJxVjcsOwiAQRf-FtWkorw7u7I-QYaCB2NBEYGX8d8V0oct77uvJHPaWXK_x4XJgV6Yku_xCj3SPZTi47wNPSHT00qZv5rTrdPuoWFombPko69n6m0pY03gAWAA26SMYCtIGzYUxAB68VgKVAMv9LAREHzjpzQa1cK2ILAmDs2GvN8YNO9Q:1pPCjI:q9sQMKSxJu2YIsE63afGLd5os-ISv8Xo8qG1d1aw1dw','2023-02-21 10:25:04.628018'),('1ov0ns0r7f7kqu6no1h9vpj8gw9zvsvu','.eJxVjEEOgjAURO_StSG_hVJxJxchv9PflEhKIu3KeHfBsNDlvJl5LzVxLWmqmzynOaibaq26_ELPeEg-Gl6WAzcMrDWX5rs5662570lymcFlXvN4vv5Uibe0e1zbe7pigCEdJYgN8B0C91G88zR0OjpidBYIBprESM_eknbW2EBQ7w8OoT17:1pPGj8:wZek9pa1zFv5ju_pN1nF8eZtdFVJCwwY1CmmCWl7whk','2023-02-21 14:41:10.335081'),('1v8gziliqjmyxw2smqm2gn3rcwqgtv7a','.eJxVjMEOwiAQRP-Fs2lwKS540x9plmUJxIYmQk_Gf7c1Pehx3sy8l5po7XlamzynEtVVGaNOvzAQP6TuDc3zjgdiXtbah-_mqNtw25LUXph6Wer9eP2pMrW8eRCNDmCtAQ9mRB3MOTASBNYCDAiJ0WHk6GO8iNMujSSCCYHR-mDV-wPIbTyC:1pNncR:Gl_qNXPREoYj4rR3x29T8jM5pufPAWHsj5M-NFoxq4E','2023-02-17 13:24:11.668206'),('2467wvesxv323550xncdu2uekn9pdqfs','.eJxVjMEOwiAQRP-Fs2lwKS540x9plmUJxIYmQk_Gf7c1Pehx3sy8l5po7XlamzynEtVVGaNOvzAQP6TuDc3zjgdiXtbah-_mqNtw25LUXph6Wer9eP2pMrW8eRCNDmCtAQ9mRB3MOTASBNYCDAiJ0WHk6GO8iNMujSSCCYHR-mDV-wPIbTyC:1pNnVU:3R8vU-6JXC3dp6DzXdxO5RAQpXT7A0r6ol6cFRU-5rc','2023-02-17 13:17:00.080908'),('26iil3quyrn55q1zrjwbn3yx736in61j','.eJxVjEEOAiEQBP_C2RBYGFBv-hEyDBCIGzYROBn_Lmv2oMeu7q4Xczh6dqPFpyuBXZm07PQLPdIj1r3Bdd0xR6Jt1M6_m6Nu_DZTrL0Q9rLV-_H6U2VseXoMGCuC0JDOlNQiSPlJrESxKK9F1BSE8lIHKwG9AZVAotXy4kErgMDeH71LO3E:1pMfKM:SptlINoI6jH16YK5czmUMstFHpzHGW6r-k2_QmQAOtA','2023-02-14 01:20:50.286795'),('2aqp6ren7suuouibzg4ow501n619ok5i','.eJwNy0ESgCAIAMC_8AJExOwzjiKM58xT099r7_tAbfuedS-76mxrwgkqPXFA6dIdm7ObFilBNbKxDyYjRx2U4-ElIvVUEiUJZBnpn_B-oLEZCQ:1pPwaa:6bz7rAz1nlWrbbKV2viS4OrpSqo8Q9WB3xobTkEomSA','2023-02-23 11:23:08.215030'),('2ddo8opxq1yiuajzenegarmho1w0hcfc','.eJxVjMEOwiAQRP-Fs2lwKS540x9plmUJxIYmQk_Gf7c1Pehx3sy8l5po7XlamzynEtVVGaNOvzAQP6TuDc3zjgdiXtbah-_mqNtw25LUXph6Wer9eP2pMrW8eRCNDmCtAQ9mRB3MOTASBNYCDAiJ0WHk6GO8iNMujSSCCYHR-mDV-wPIbTyC:1pOuaw:ddNrsS5CH1qFHcBy74hqCF9yCfIYkqdNfFBRm1IojgE','2023-02-20 15:03:14.746062'),('2j2ftroy0etobhcche4rqhbdtvkjio5i','.eJxVjE0KwyAUhO_iuoga_9JdexF5PhWlwUDVVenda0oW7WZg5puZF3EwenajxacrgVyJIpffzAM-Yj0AbNsRU0DcR-302zlxo7fpYu0FoZe93s_V31WGlucPF8HGxRrgJmkpvbVg-cKmMh_RcGlWDtqboAEY6lVboZNRMjGmRFKRvD-hXzuW:1pOZfy:tmgehUbru1khZajcjTk0CR7HnAzhIyr_fY-tcY5PZOU','2023-02-19 16:43:02.613606'),('2qcpu5x1hz490n0t4jbyt4zd2fgvsi6n','.eJxVjDkOwjAUBe_iGlnfjhdCSZ8zRH8zCaBYylIh7g6RUkD7Zua9TI_bOvTbonM_irmYJprT70jID512InecbtVyndZ5JLsr9qCL7aro83q4fwcDLsO3zk0iOHPLHlxR0ShMgQVTUcoEbXAlA3KIzOLZgXpNSBFcjj4KsHl_ADR_OQc:1pPb1V:Dgbp0o9vYQC_FL6I1HIzyxraLjMLltoaXXCQN8FWcAU','2023-02-22 12:21:29.823488'),('2qw2p9eti1jy0i5et619mg4q7q0ac6uf','.eJxVjMEOwiAQRP-Fs2lwKS540x9plmUJxIYmQk_Gf7c1Pehx3sy8l5po7XlamzynEtVVGaNOvzAQP6TuDc3zjgdiXtbah-_mqNtw25LUXph6Wer9eP2pMrW8eRCNDmCtAQ9mRB3MOTASBNYCDAiJ0WHk6GO8iNMujSSCCYHR-mDV-wPIbTyC:1pNTkQ:DwNtdXehgBJKDbaTZcnYrWaaIL0sbyafXISDGEOpYEE','2023-02-16 16:11:06.963159'),('2sbiutmboq7t1x863afk2xdm8ie8756w','.eJxVjEEOwiAQRe_C2hBgKgWX7j0DGWZGqRpISrsy3l2bdKHb_977L5VwXUpau8xpYnVSAOrwO2akh9SN8B3rrWlqdZmnrDdF77TrS2N5nnf376BgL9_aRB7AjeyiUI4hMvgI2XsSBxlQCBkFonUkV2aLgkdDw-hcQOODNer9ARtOOIs:1pQn46:GeMsdrj5MW3bWNDZe_IHzrprHUrWeLroIMN7omcyjdE','2023-02-25 19:25:06.583085'),('31sbtyxcberypjw3wj7lznklhepfgr08','.eJxVjEEOwiAQRe_C2hBgKgWX7j0DGWZGqRpISrsy3l2bdKHb_977L5VwXUpau8xpYnVSAOrwO2akh9SN8B3rrWlqdZmnrDdF77TrS2N5nnf376BgL9_aRB7AjeyiUI4hMvgI2XsSBxlQCBkFonUkV2aLgkdDw-hcQOODNer9ARtOOIs:1pRNCS:Yf4VeW4qaCV6TjHPfnl9lLk4MuzkLjzqVJEE3OHhIuA','2023-02-27 10:00:08.560973'),('329n3c64jl801yjkbs155t7pnhhkb6z1','.eJxVjMEOwiAQRP-Fs2lwKS540x9plmUJxIYmQk_Gf7c1Pehx3sy8l5po7XlamzynEtVVGaNOvzAQP6TuDc3zjgdiXtbah-_mqNtw25LUXph6Wer9eP2pMrW8eRCNDmCtAQ9mRB3MOTASBNYCDAiJ0WHk6GO8iNMujSSCCYHR-mDV-wPIbTyC:1pOXQT:NoeOR1JHnk54doyfCm6fJ_aumUYAkpQR-VE1aJjXHys','2023-02-19 14:18:53.801182'),('3a60i5s1dnl7v3uctuqaslfsuspotwec','.eJxVjEEOAiEQBP_C2RBYGFBv-hEyDBCIGzYROBn_Lmv2oMeu7q4Xczh6dqPFpyuBXZm07PQLPdIj1r3Bdd0xR6Jt1M6_m6Nu_DZTrL0Q9rLV-_H6U2VseXoMGCuC0JDOlNQiSPlJrESxKK9F1BSE8lIHKwG9AZVAotXy4kErgMDeH71LO3E:1pNXPn:1w--z8r8nGq_RSdpikFflufJJu6uM7SdSLzv5fL60eQ','2023-02-16 20:06:03.999206'),('40efcmundc56gn9f80aheyilioup9nso','.eJxVjE0OwiAQhe_C2hAcYGjd2Ys0wwBpY0MTgZXx7hbTheat3vd-XmKmVpe5lfic1yBuArW4_EJP_Ii5J7RtHUti3luu8ts54yLvh4u5rkx13fN0rv6uFirL8WMHA6CuowcwKgXXpa1TxiE67QwfGNFHbxBsSEoPlrQek0nIyBDF-wOgYjs2:1pRQop:5-EtWFrlHlZyCG-9tdr9qVZ1rfvgTKOVjtSdcl6iYqw','2023-02-27 13:51:59.889657'),('42hf9qevmuj1ulkckuww4jxfmp39s3m8','.eJxVjEEOwiAQRe_C2hAoDKhL9z0DmWFAqgaS0q6Md7dNutDte-__twi4LiWsPc1hYnEV2ovTLySMz1R3ww-s9yZjq8s8kdwTedgux8bpdTvav4OCvWxrB84rVhbyOWYzqGhoI16jGgxZlWxkZUhb9hqQHJgMGr3VFwJrAFh8vuMpNv0:1pQOqx:MU9HkpFtU8sbqdESY9XB46j5bNP34d4rozfwYzVi26Q','2023-02-24 17:33:55.830705'),('47c96sx1a6vl7fj95mdf0jl6suuvfi98','.eJxVjMEOwiAQRP-FsyEbCgt40x8hy0IDsaGJhZPx321ND3qcNzPvJQKNXsLY8jPUJK5CWXH5hZH4kdvR0LIcWBLzOlqX381Zb_K2p9x6Zep1bffz9acqtJXdEyEl58F4TAikQbGz6MFZH9lTQjf5CDBHUjyDNkahQcVsCYzWyk7i_QHMmTuP:1pMTbD:aEpV2szAvpOyC7UsDTkLV8xAJLlOJ9fvuYUoEXm96ek','2023-02-13 12:49:27.781619'),('4b2d9uyip98a6spl9iif3mt9gr4pr0fk','.eJxVjMsOgjAURP-la0P6oLR1pz9C7quBSEoi7cr474Jhocs5M3NeaoRWp7Ft8hxnVldlk7r8QgR6SDkaWJYDd0C0tlK77-ast-62Jyl1JqjzWu7n6081wTbtHiM6ikUOxCiOB486ss86sEkCmvo-5RAwu-AtasPorEPOBDREb2RQ7w8I-j1l:1pOGgj:vpPqrAVo3FIBr4eXzHLMZSQfJX0ImQ1ZPf_6PFcm5f4','2023-02-18 20:26:33.512766'),('4in7euw6bsii343en79sh08ldkeexxc8','.eJxVjEEOAiEQBP_C2RBYGFBv-hEyDBCIGzYROBn_Lmv2oMeu7q4Xczh6dqPFpyuBXZm07PQLPdIj1r3Bdd0xR6Jt1M6_m6Nu_DZTrL0Q9rLV-_H6U2VseXoMGCuC0JDOlNQiSPlJrESxKK9F1BSE8lIHKwG9AZVAotXy4kErgMDeH71LO3E:1pNupR:QiV0JgYr7ilBYn_MFV6NVJpHPFa_0PvLp9Zgka49k5g','2023-02-17 21:06:05.023006'),('4twspp4z3gv2usgh3iah8hgl3e265ilo','.eJwNwssRgCAMBcBeqIDwSYjNMI8Aw1n05Ni7zu7jKu5r1XuPsy7s5Q4HaoLBuU34wkESMaMLQXOaA7GLRtIZ1LfB9itqBusUslBq5t4Pm-kZ0g:1pPjTd:le6_lhmantKagtdOPTpeqP7QJ5ZuADvdKo0PADx8AyY','2023-02-22 21:23:05.663822'),('4ykzump7r63uoia7cwvr0o1r0q9ne807','.eJxVjEEOwiAQRe_C2hBgWoe6dN8zkBkYbNVAUtqV8e7apAvd_vfef6lA2zqFrckS5qQuCnp1-h2Z4kPKTtKdyq3qWMu6zKx3RR-06bEmeV4P9-9gojZ9a-u7aIYICII-IyKhY8ss7Cwl4zL2mNnBYEVAHOXsAH20poMziAzq_QEFljgK:1pQ0nM:RsDAaLlGwrZ26SGbKvz99nBT7f4C3L4SdxmlJrawx0w','2023-02-23 15:52:36.046596'),('4z8axxklul27949nh6ply2ppkx7c3myw','.eJxVjMEOwiAQRP-Fs2lwKS540x9plmUJxIYmQk_Gf7c1Pehx3sy8l5po7XlamzynEtVVGaNOvzAQP6TuDc3zjgdiXtbah-_mqNtw25LUXph6Wer9eP2pMrW8eRCNDmCtAQ9mRB3MOTASBNYCDAiJ0WHk6GO8iNMujSSCCYHR-mDV-wPIbTyC:1pNnZV:3QFETHrrYSdY_eQCj9Q15HgWTnfu_qtmTuOWr84SJRg','2023-02-17 13:21:09.953475'),('4zk1hzwfayduqku0isvjgcup0326gm8q','.eJxVjMsOwiAQRf-FtSFAGUCX7vsNzcwwSNXQpI-V8d-1SRe6veec-1IDbmsdtkXmYczqomxSp9-RkB_SdpLv2G6T5qmt80h6V_RBF91PWZ7Xw_07qLjUb22Ak1C24DCGzmQBYARJ4iCyNwkMAZ0LBnals4TkkEOMwfoYUjFevT8RATgA:1pPMZk:qLzO0F03_5aNqDBCRSqRAtkT1eZ6LnXCrfYxbD7oeNU','2023-02-21 20:55:52.640211'),('50qq3hsxcnijasw12r0xpfntnwr7nadm','.eJxVjEEOgjAURO_StSG_hVJxJxchv9PflEhKIu3KeHfBsNDlvJl5LzVxLWmqmzynOaibaq26_ELPeEg-Gl6WAzcMrDWX5rs5662570lymcFlXvN4vv5Uibe0e1zbe7pigCEdJYgN8B0C91G88zR0OjpidBYIBprESM_eknbW2EBQ7w8OoT17:1pPDbi:yToR5agOWBnz3jKzpJK0gr3pY7CnrI3btmCQETQXwpA','2023-02-21 11:21:18.789515'),('51ww2s5a65hmzhdlr85uo35nzmyjvsf0','.eJxVjk0OwiAQhe_C2jRIgQF39iLNdBgCsaGJhZXx7lLThS7f35f3EjO2mua283POQdyE0uLyay5IDy5Hgut62AMSba3U4ds54324d8WlZsKatzKdqz9Uwj11jlToSYEGGdEuFrRC9h4heiWJlaEYDAcGjcYG6wxgdOzgavToRtn_vT_jQTwx:1pMfER:ChJza01uaFFnmhsGgZmo0Iermzc1PUnrKDJ21ciDYUg','2023-02-14 01:14:43.060712'),('52chyrjh1o896iecdaxs2m0s95jwr6wf','.eJxVjEEOwiAQRe_C2hBgKgWX7j0DGWZGqRpISrsy3l2bdKHb_977L5VwXUpau8xpYnVSAOrwO2akh9SN8B3rrWlqdZmnrDdF77TrS2N5nnf376BgL9_aRB7AjeyiUI4hMvgI2XsSBxlQCBkFonUkV2aLgkdDw-hcQOODNer9ARtOOIs:1pRR0P:35ed8c_jDZsmS1LOsAdQ0LSu2XehWxaDAa8_3FdDxKA','2023-02-27 14:03:57.702215'),('56pbro33p4gqxg99rrcuuvvk9jg82a7v','.eJxVjEEOAiEQBP_C2RBYGFBv-hEyDBCIGzYROBn_Lmv2oMeu7q4Xczh6dqPFpyuBXZm07PQLPdIj1r3Bdd0xR6Jt1M6_m6Nu_DZTrL0Q9rLV-_H6U2VseXoMGCuC0JDOlNQiSPlJrESxKK9F1BSE8lIHKwG9AZVAotXy4kErgMDeH71LO3E:1pOqVA:sWhyuTEJqwqb1KodvrrF7GiqUg8Nxbm3YcUpRGZkk4o','2023-02-20 10:41:00.041949'),('58iu0xbhi71aeu1xbx4tzkjzyanv5wtm','.eJxVjEEOwiAQRe_C2hAoDKhL9z0DmWFAqgaS0q6Md7dNutDte-__twi4LiWsPc1hYnEV2ovTLySMz1R3ww-s9yZjq8s8kdwTedgux8bpdTvav4OCvWxrB84rVhbyOWYzqGhoI16jGgxZlWxkZUhb9hqQHJgMGr3VFwJrAFh8vuMpNv0:1pQP7R:kuMJPvKZroUYTGtvnzndWkJGceJ3uYJfFuFR3mGkh78','2023-02-24 17:50:57.490841'),('5amynm5dxb5k6tb249k74d171bc4h08c','.eJxVjDsOwjAQRO_iGlnxP6akzxms9a6NA8iW4qRC3J1ESgGabt6bebMA21rC1tMSZmJXphS7_JYR8JnqQegB9d44trouc-SHwk_a-dQovW6n-3dQoJd9DSI6SNbEDMNopdPCWiAnwBudEyhyXgmfpR9isrhn9IiAJKRxQkdkny8S5jhn:1pPjXn:o3ad9jjVqfqI4XC3W3_o-FhW0cuUk-mC7Ns8RXFjBTI','2023-02-22 21:27:23.587922'),('5khqzglqvrh6vns5pwlx63ojqtw1i2w1','.eJxVjMsOgjAURP-la0P6oLR1pz9C7quBSEoi7cr474Jhocs5M3NeaoRWp7Ft8hxnVldlk7r8QgR6SDkaWJYDd0C0tlK77-ast-62Jyl1JqjzWu7n6081wTbtHiM6ikUOxCiOB486ss86sEkCmvo-5RAwu-AtasPorEPOBDREb2RQ7w8I-j1l:1pOBxa:XCKbXbsP99N2qCgOug6xXWSZTqSr8p4YG4qjXnBcSDQ','2023-02-18 15:23:38.051717'),('6dy4l1zwb2erb1og7tmx9sg5lhcmppa7','.eJxVjEEOwiAQRe_C2hAoDKhL9z0DmWFAqgaS0q6Md7dNutDte-__twi4LiWsPc1hYnEV2ovTLySMz1R3ww-s9yZjq8s8kdwTedgux8bpdTvav4OCvWxrB84rVhbyOWYzqGhoI16jGgxZlWxkZUhb9hqQHJgMGr3VFwJrAFh8vuMpNv0:1pRRTp:cH-mv2zc_GveO_WanNhPUe8a-EGbNcVzxBADs4xQmWE','2023-02-27 14:34:21.060592'),('6j6oww24jjrnbfkil43isbx1jothmtjk','.eJxVjMEOgyAQRP-Fc2MEXGF7a3-ErMsSTA0mFU5N_73aeGiP82bmvVSgVnNomzzDHNVVaVSXXzgRP6QcDS3LgTtiXlup3Xdz1lt325OUOjPVeS338_WnyrTl3SOYxt4biNGy1gQWJ5-S9A5AO4_GOBlkgmQR2SKRH00EGSFF8JRoUO8P3yY8og:1pOBMj:h6s6VzcJrJ4RqdctpHQ4UuHxMF9fjqW0opiqhEdGfbA','2023-02-18 14:45:33.071456'),('6l5e2oq7gnbxqanu5o3i8an5i5rei8fz','.eJxVjEEOgjAURO_StSG_hVJxJxchv9PflEhKIu3KeHfBsNDlvJl5LzVxLWmqmzynOaibaq26_ELPeEg-Gl6WAzcMrDWX5rs5662570lymcFlXvN4vv5Uibe0e1zbe7pigCEdJYgN8B0C91G88zR0OjpidBYIBprESM_eknbW2EBQ7w8OoT17:1pOCcF:4_y98Oas2jLZvW4tzHst9DQS6FGlnE5QbmdvqZHzJ0s','2023-02-18 16:05:39.499822'),('72t9j445yrzs3srzb1corwxts3t6f79o','.eJwFwdENgCAMBcBdmKC-QktdhlBSwrfol3F3797U-nOv9uy42up7pTNRhhJ0QryABKo-pkV0SMeRqTKb2AgnUVNodbYoJQ82cxRO3w9cuRgC:1pPwc3:M3Qe5wqep3SOA27CEhln65oOX2sduadJnjZY2wp_8ok','2023-02-23 11:24:39.474029'),('7gb3ofde48pvqkie2evgq0e4rar3ymsf','.eJxVjEEOwiAQRe_C2hBgKgWX7j0DGWZGqRpISrsy3l2bdKHb_977L5VwXUpau8xpYnVSAOrwO2akh9SN8B3rrWlqdZmnrDdF77TrS2N5nnf376BgL9_aRB7AjeyiUI4hMvgI2XsSBxlQCBkFonUkV2aLgkdDw-hcQOODNer9ARtOOIs:1pRDCp:8BZUsW24T2b6EZDsBbbM66I7APfm8OUjK5kBmzM0Y9E','2023-02-26 23:19:51.722461'),('7it8bwuyk3vqxfjdy5m607hn58rkcdzj','.eJxVjDEOwyAQBP9CHSHAwOGU6f0GdMARnEQgGbuK8vfYkouk2WJndt_M47YWv3Va_JzYlRl2-e0CxifVA6QH1nvjsdV1mQM_FH7SzqeW6HU73b-Dgr3sa6mSo8EBSshW6-AcOjmIPUWgCFLDKNEGSBZRRDtap2wGo7MQRmVD7PMFyTs3Ig:1pQfKh:5QHX0uoy87w_2JdxWyaHJ3oUDweOAbES8CdCh7GrZzE','2023-02-25 11:09:43.010456'),('7s7xa57cilnd6flfyaibduhowudsynvs','.eJxVjEEOAiEQBP_C2RBYGFBv-hEyDBCIGzYROBn_Lmv2oMeu7q4Xczh6dqPFpyuBXZm07PQLPdIj1r3Bdd0xR6Jt1M6_m6Nu_DZTrL0Q9rLV-_H6U2VseXoMGCuC0JDOlNQiSPlJrESxKK9F1BSE8lIHKwG9AZVAotXy4kErgMDeH71LO3E:1pOXu5:DB0PprFV05ouMdAWW4nBtOPuW1RduHK4wM5Y5b5YooM','2023-02-19 14:49:29.131774'),('7sjah4uc2wvz45553vlrqq5hiypdrmqg','.eJxVjDkOwjAUBe_iGlnfjhdCSZ8zRH8zCaBYylIh7g6RUkD7Zua9TI_bOvTbonM_irmYJprT70jID512InecbtVyndZ5JLsr9qCL7aro83q4fwcDLsO3zk0iOHPLHlxR0ShMgQVTUcoEbXAlA3KIzOLZgXpNSBFcjj4KsHl_ADR_OQc:1pPMfK:fdtKY7q_gB1vuVQG9qNsQDrv6UvQLP8S9SMfxw4V9wI','2023-02-21 21:01:38.782149'),('83d5nkw67vif0nerkvr1rgl8p1h91s77','.eJxVjEEOwiAQRe_C2hAoDKhL9z0DmWFAqgaS0q6Md7dNutDte-__twi4LiWsPc1hYnEV2ovTLySMz1R3ww-s9yZjq8s8kdwTedgux8bpdTvav4OCvWxrB84rVhbyOWYzqGhoI16jGgxZlWxkZUhb9hqQHJgMGr3VFwJrAFh8vuMpNv0:1pRMp1:eZGjHBkRe3nwq8T2fBhhZZozit3xhX1Qj9CqnSTGmhc','2023-02-27 09:35:55.380606'),('8dl7zb9cdq2hr1qiuszbi41nx1itplhi','.eJxVjDsOwjAQBe_iGllmHbMOJT1nsLwf4wBKpDipEHeHSCmgfTPzXibldalpbTqnQczZeG8OvyNlfui4Ebnn8TZZnsZlHshuit1ps9dJ9HnZ3b-Dmlv91ojeEYTgoQffoSN_JMYMxE6BAaEwRhSWXuSk0cXSZVUsCIyhp2DeH-5fOA4:1pPY5k:1mTvYor-0QM8CLtvVaB-twuyG8-KQcDeU9jqFl81X1g','2023-02-22 09:13:40.753513'),('8irtxl994mh31e3r0k316r05bpwyt9p3','.eJxVjEEOwiAQRe_C2hAoDKhL9z0DmWFAqgaS0q6Md7dNutDte-__twi4LiWsPc1hYnEV2ovTLySMz1R3ww-s9yZjq8s8kdwTedgux8bpdTvav4OCvWxrB84rVhbyOWYzqGhoI16jGgxZlWxkZUhb9hqQHJgMGr3VFwJrAFh8vuMpNv0:1pRRTp:cH-mv2zc_GveO_WanNhPUe8a-EGbNcVzxBADs4xQmWE','2023-02-27 14:34:21.610699'),('8p20ek3hl0djh6gr3eyz4em3ng1cihn3','.eJxVjMEOwiAQRP-Fs2lwKS540x9plmUJxIYmQk_Gf7c1Pehx3sy8l5po7XlamzynEtVVGaNOvzAQP6TuDc3zjgdiXtbah-_mqNtw25LUXph6Wer9eP2pMrW8eRCNDmCtAQ9mRB3MOTASBNYCDAiJ0WHk6GO8iNMujSSCCYHR-mDV-wPIbTyC:1pNlUN:XvzYbZdtpwZOtcVZQhASemaFYHF65AgPpOiuSFPn9gQ','2023-02-17 11:07:43.143672'),('8tb8salkpj8zi6dii1iw0fbn52gv0oum','.eJxVjDsOwjAQRO_iGkX-Z00HF7E29q5sETkScSrE3UlQCijnzcx7iYhbL3Fb6RlrFlfhQFx-4YTpQe1ocJ4PPGBKy9b68N2c9Trc9kSt14S9Lu1-vv5UBdeyeyBMEikzW7DZBkXKsZHW86iVzogeaDSagTgYL72btLISgRCC5IBOvD_qajxh:1pPZ0b:1tdQqM3DspBxolVsVLVe7BSNgPv3xUT9y0HlG1gKQrI','2023-02-22 10:12:25.756369'),('91edrrjuhdvw2zubrc8kcdggvdhyuuu6','.eJxVjEEOAiEQBP_C2RBYGFBv-hEyDBCIGzYROBn_Lmv2oMeu7q4Xczh6dqPFpyuBXZm07PQLPdIj1r3Bdd0xR6Jt1M6_m6Nu_DZTrL0Q9rLV-_H6U2VseXoMGCuC0JDOlNQiSPlJrESxKK9F1BSE8lIHKwG9AZVAotXy4kErgMDeH71LO3E:1pOZbd:W8uc62eM_edwLrqLAk29PbivRrtXA-cfAgJq97NsrbQ','2023-02-19 16:38:33.735922'),('9wqq8tsgsnqes3oxd0kcmyl2xf5y3b73','.eJxVjMEKwyAQRP_Fcwm7RmPSW_MjYd21KA0GGj2V_ntNyaG9DMy8mXmphWqJS93Dc0mirspO6vIbeuJHyAehdT3ijpi3mkv37Zx4727NhVwSU0lbns_V31WkPbYfM4pMTjD4EXsxYGQYCNA7bcWQ9hbB93eHAqgtaN1kIuE2AuDRoHp_ANVlO8c:1pREJT:iNpNpfFWOHHupsmZUqsF83hocbPRJJsa_GwZCxmVMz8','2023-02-27 00:30:47.937086'),('abpuz2hz90n4nvy5vkwdr9f1egzo0ywn','.eJxVjMEOgyAQRP-Fc2MEXGF7a3-ErMsSTA0mFU5N_73aeGiP82bmvVSgVnNomzzDHNVVaVSXXzgRP6QcDS3LgTtiXlup3Xdz1lt325OUOjPVeS338_WnyrTl3SOYxt4biNGy1gQWJ5-S9A5AO4_GOBlkgmQR2SKRH00EGSFF8JRoUO8P3yY8og:1pNx5s:13v-r91HEFzLv_nN597M73nm9zf2FdKWMFXQIZHCW7w','2023-02-17 23:31:12.107341'),('aj9qso894u7r0q0hx4crezsn2ojwo1ol','.eJxVjDsOwjAQBe_iGln-xD9Kes5geb1rHEC2FCcV4u4QKQW0b2bei8W0rTVug5Y4IzszFdjpd4SUH9R2gvfUbp3n3tZlBr4r_KCDXzvS83K4fwc1jfqtJQlPCtBlBNJoDQiPpgiHMlASeZpCcQ6KdkaBkAhaacCSU7beSLLs_QEuujjx:1pRMIa:6qpIGbcKID-LPXjlQLZnqTBZ1EZzniQJ9H0baHBGLXE','2023-02-27 09:02:24.577217'),('aruqfe9f8t00g5t3mkqglxch6jhgmkqn','.eJwFwUESgCAIAMC_8AIFQ-kzDgKN58xT09_bfaHrfmbfK-4-dU04IYkXwuooYUOaOLHQYLZAGqRh6hokGS0u96yhR7JSEZsmbjnB9wOkURn2:1pPz7b:BFcPHyALtQf-A1y_gHfeAGktPvNnc1MMjxNgrnnL9vM','2023-02-23 14:05:23.307818'),('b0yu6nl0uy27h7ghmssdtrl3k9rwnp0l','.eJxVjDsOwjAQBe_iGln-xD9Kes5geb1rHEC2FCcV4u4QKQW0b2bei8W0rTVug5Y4IzszFdjpd4SUH9R2gvfUbp3n3tZlBr4r_KCDXzvS83K4fwc1jfqtJQlPCtBlBNJoDQiPpgiHMlASeZpCcQ6KdkaBkAhaacCSU7beSLLs_QEuujjx:1pPXea:FA2rXLDVnE837HgEYJX6URQbMczEFq5u8jIusDVBhjc','2023-02-22 08:45:36.451390'),('b4m0pvv6bgo6h8ajkpfo7grg7ooofpfh','.eJxVjMEOwiAQRP-Fs2lwKS540x9plmUJxIYmQk_Gf7c1Pehx3sy8l5po7XlamzynEtVVGaNOvzAQP6TuDc3zjgdiXtbah-_mqNtw25LUXph6Wer9eP2pMrW8eRCNDmCtAQ9mRB3MOTASBNYCDAiJ0WHk6GO8iNMujSSCCYHR-mDV-wPIbTyC:1pPF9J:5oaKWZhaKxw630MucbtpCHOmp0_Z1EoUVrQrQk2Ue7A','2023-02-21 13:00:05.327925'),('b7q8xk3226ythz1j4g6k1dsic876r4lv','.eJxVjDkOwjAUBe_iGlnfjhdCSZ8zRH8zCaBYylIh7g6RUkD7Zua9TI_bOvTbonM_irmYJprT70jID512InecbtVyndZ5JLsr9qCL7aro83q4fwcDLsO3zk0iOHPLHlxR0ShMgQVTUcoEbXAlA3KIzOLZgXpNSBFcjj4KsHl_ADR_OQc:1pPavD:jVun4brsSVW7Pd5ijKo6wwZcmnbU64O_Ncd0FI1-jtM','2023-02-22 12:14:59.669921'),('begupmpyaew5h3ttf24cuupen8vygxg7','.eJxVjEEOwiAQRe_C2hAoDKhL9z0DmWFAqgaS0q6Md7dNutDte-__twi4LiWsPc1hYnEV2ovTLySMz1R3ww-s9yZjq8s8kdwTedgux8bpdTvav4OCvWxrB84rVhbyOWYzqGhoI16jGgxZlWxkZUhb9hqQHJgMGr3VFwJrAFh8vuMpNv0:1pQP8j:BoDZ_iK1fucNYP4DxHfHLv8HKuVJSbJaV5xFXygO5nk','2023-02-24 17:52:17.414231'),('bffytvcac7vpp6vn0odg8e6ty6mu7n0k','.eJxVjMEOgyAQRP-Fc2MEXGF7a3-ErMsSTA0mFU5N_73aeGiP82bmvVSgVnNomzzDHNVVaVSXXzgRP6QcDS3LgTtiXlup3Xdz1lt325OUOjPVeS338_WnyrTl3SOYxt4biNGy1gQWJ5-S9A5AO4_GOBlkgmQR2SKRH00EGSFF8JRoUO8P3yY8og:1pNomI:1Bu8T0Bq9Z0IkS9Ujtlm9yaP6rJdcJ4pdt1fLGjMXRA','2023-02-17 14:38:26.595927'),('bfjujzof5dkwbtsmpdlk3vdgdlwlciyj','.eJxVjEEOwiAQRe_C2hAoDKhL9z0DmWFAqgaS0q6Md7dNutDte-__twi4LiWsPc1hYnEV2ovTLySMz1R3ww-s9yZjq8s8kdwTedgux8bpdTvav4OCvWxrB84rVhbyOWYzqGhoI16jGgxZlWxkZUhb9hqQHJgMGr3VFwJrAFh8vuMpNv0:1pQOrs:fq4RnujMwxGlxlYI0m_dukpuQ56fUkMDL8noy2l5zow','2023-02-24 17:34:52.777737'),('bzqztm7gbya0e8ovxj4k9pyn9afkrs1e','.eJxVjDsOwjAQBe_iGln-xD9Kes5geb1rHEC2FCcV4u4QKQW0b2bei8W0rTVug5Y4IzszFdjpd4SUH9R2gvfUbp3n3tZlBr4r_KCDXzvS83K4fwc1jfqtJQlPCtBlBNJoDQiPpgiHMlASeZpCcQ6KdkaBkAhaacCSU7beSLLs_QEuujjx:1pQ7kk:j7SFLBi-r3yfIfbL8JvUSMdp4_WlVj39cNsgz4_s-SM','2023-02-23 23:18:22.357087'),('c0045nqbgnir6j8yuvadywm25qe5o3kc','.eJxVjMsOgjAURP-la0P6oLR1pz9C7quBSEoi7cr474Jhocs5M3NeaoRWp7Ft8hxnVldlk7r8QgR6SDkaWJYDd0C0tlK77-ast-62Jyl1JqjzWu7n6081wTbtHiM6ikUOxCiOB486ss86sEkCmvo-5RAwu-AtasPorEPOBDREb2RQ7w8I-j1l:1pNrsN:R7fsg9ZLQ8Z0mMXWjBkZU7tw4FLvwyHd4r-S8h8WFoE','2023-02-17 17:56:55.890920'),('c22snxdga2wl0qpl6n25ukh62sg9z5cj','.eJxVjDEOwyAQBP9CHSHAwOGU6f0GdMARnEQgGbuK8vfYkouk2WJndt_M47YWv3Va_JzYlRl2-e0CxifVA6QH1nvjsdV1mQM_FH7SzqeW6HU73b-Dgr3sa6mSo8EBSshW6-AcOjmIPUWgCFLDKNEGSBZRRDtap2wGo7MQRmVD7PMFyTs3Ig:1pPasQ:p2ZFzHEEos1H_vUNw5pn0j-KCluDavsPts7qnqfvfUA','2023-02-22 12:12:06.780995'),('c2t1lhz2z3u3jrzlb3cp2e7n8v66077p','.eJxVjEEOwiAQRe_C2hAoDKhL9z0DmWFAqgaS0q6Md7dNutDte-__twi4LiWsPc1hYnEV2ovTLySMz1R3ww-s9yZjq8s8kdwTedgux8bpdTvav4OCvWxrB84rVhbyOWYzqGhoI16jGgxZlWxkZUhb9hqQHJgMGr3VFwJrAFh8vuMpNv0:1pRMev:A4P6bJcvnZb8JBLbfoCI48-e_0udEv7v1kjx9yq_Uqo','2023-02-27 09:25:29.392172'),('c7o7xxiuyadfjtuyos94a1ev9pk8ia1j','.eJxVjEEOwiAQRe_C2hAoDKhL9z0DmWFAqgaS0q6Md7dNutDte-__twi4LiWsPc1hYnEV2ovTLySMz1R3ww-s9yZjq8s8kdwTedgux8bpdTvav4OCvWxrB84rVhbyOWYzqGhoI16jGgxZlWxkZUhb9hqQHJgMGr3VFwJrAFh8vuMpNv0:1pQOwG:BwxnzkOLJyFk0kz6rnvy4QaLkqMpPofb1cgKzerji7Y','2023-02-24 17:39:24.918601'),('cixgq7grrcazwjpdmx1kvw6wy2spsb3b','.eJxVjEEOgjAURO_StSG_hVJxJxchv9PflEhKIu3KeHfBsNDlvJl5LzVxLWmqmzynOaibaq26_ELPeEg-Gl6WAzcMrDWX5rs5662570lymcFlXvN4vv5Uibe0e1zbe7pigCEdJYgN8B0C91G88zR0OjpidBYIBprESM_eknbW2EBQ7w8OoT17:1pPClU:FGeOU2_2XU7n1nUUDjPH6kh5UWTjgZwHdDwAo1rQjxU','2023-02-21 10:27:20.614324'),('crbwp1g199gangim2btdvfujmrcdu1z2','.eJxVjEEOwiAQRe_C2hAoDKhL9z0DmWFAqgaS0q6Md7dNutDte-__twi4LiWsPc1hYnEV2ovTLySMz1R3ww-s9yZjq8s8kdwTedgux8bpdTvav4OCvWxrB84rVhbyOWYzqGhoI16jGgxZlWxkZUhb9hqQHJgMGr3VFwJrAFh8vuMpNv0:1pQMW1:D31flI61THBNdO0vM2XFAHiZJv7cF35WieF2c-dNkDE','2023-02-24 15:04:09.750819'),('cvtgg9oizhqq8o21rc3agad1fk1joynj','.eJxVjMEOwiAQRP-FsyEbCgt40x8hy0IDsaGJhZPx321ND3qcNzPvJQKNXsLY8jPUJK5CWXH5hZH4kdvR0LIcWBLzOlqX381Zb_K2p9x6Zep1bffz9acqtJXdEyEl58F4TAikQbGz6MFZH9lTQjf5CDBHUjyDNkahQcVsCYzWyk7i_QHMmTuP:1pMTkV:9SeIgc_p7m5AmY-u7T6_7o7xuDyBDbtkuhj44tSPSF8','2023-02-13 12:59:03.323458'),('cxcgt5zfpdbome8o1cs2urveqflafp90','.eJxVjDsOwjAQBe_iGln-xD9Kes5geb1rHEC2FCcV4u4QKQW0b2bei8W0rTVug5Y4IzszFdjpd4SUH9R2gvfUbp3n3tZlBr4r_KCDXzvS83K4fwc1jfqtJQlPCtBlBNJoDQiPpgiHMlASeZpCcQ6KdkaBkAhaacCSU7beSLLs_QEuujjx:1pPXfB:4TaigNR3BBvQyUdOPAabKcP9t7Aqehaep21QKXpDQgU','2023-02-22 08:46:13.035702'),('d4b3rflo616jkslhtppzurrivyxdip4m','.eJxVjEEOwiAQRe_C2hAoDKhL9z0DmWFAqgaS0q6Md7dNutDte-__twi4LiWsPc1hYnEV2ovTLySMz1R3ww-s9yZjq8s8kdwTedgux8bpdTvav4OCvWxrB84rVhbyOWYzqGhoI16jGgxZlWxkZUhb9hqQHJgMGr3VFwJrAFh8vuMpNv0:1pQP9a:PaXoyzPpInXuGs1HzZLqkBpU4ssTjoXxrYaSwvou9Xw','2023-02-24 17:53:10.655236'),('d6ewz8o19qmuzu9ul9vkv3k1pgawfmy2','.eJxVjEEOwiAQRe_C2hBgWoe6dN8zkBkYbNVAUtqV8e7apAvd_vfef6lA2zqFrckS5qQuCnp1-h2Z4kPKTtKdyq3qWMu6zKx3RR-06bEmeV4P9-9gojZ9a-u7aIYICII-IyKhY8ss7Cwl4zL2mNnBYEVAHOXsAH20poMziAzq_QEFljgK:1pRRIZ:uUsaXst-jA_dFX8v90B-M4ATkNLznXhBTVjTjUgVKHY','2023-02-27 14:22:43.005535'),('d7sust9ti38rrevkpnd4j57jrmevho73','.eJxVjEEOgjAURO_StSG_hVJxJxchv9PflEhKIu3KeHfBsNDlvJl5LzVxLWmqmzynOaibaq26_ELPeEg-Gl6WAzcMrDWX5rs5662570lymcFlXvN4vv5Uibe0e1zbe7pigCEdJYgN8B0C91G88zR0OjpidBYIBprESM_eknbW2EBQ7w8OoT17:1pPIAZ:DaLbMaaSpzskWGdMYcgsNJ9QaWt4dZ7u4NmF0K6iQ9o','2023-02-21 16:13:35.381106'),('dc1yuvehba5jdxwhtmc98lxdjlt7zamr','.eJxVjMEOwiAQRP-FsyENZRfwpj_SLAsEYkMTgZPx321ND3qcNzPvJRYaPS-jxedSgriK2YrLL_TEj1iPhtb1wJKYt1G7_G7OusnbnmLthamXrd7P158qU8u7x3nEOCVAQ9EkFUBNnh0h2xgSJ6vRKTNbZGPJ6UlrRAgaANmBB0bx_gDvcTxO:1pOssk:hig_T_DCuvi9CijDgoRkGhePUIEtetDpk7KmlgfayaQ','2023-02-20 13:13:30.065958'),('dj4vrdyvp4yu6ymodofroxgnwgeup2gv','.eJxVjEEOgjAURO_StSG_hVJxJxchv9PflEhKIu3KeHfBsNDlvJl5LzVxLWmqmzynOaibaq26_ELPeEg-Gl6WAzcMrDWX5rs5662570lymcFlXvN4vv5Uibe0e1zbe7pigCEdJYgN8B0C91G88zR0OjpidBYIBprESM_eknbW2EBQ7w8OoT17:1pPHeZ:23jhwz0nMCQzUwuSsVz9NQzVahKGRStpsvx9J1Xfs-4','2023-02-21 15:40:31.020144'),('dx83t4qb9dw21e1znoo9wo4umacd5c5e','.eJxVjDsOwjAQRO_iGkUbf2M6uIi1u3bkiMiRsF0h7k6CUkA5b2beSwTsLYde0zMsUVyFkuLyCwn5kcrR4LoeeEDmrZc2fDdnXYfbnlJpC2NbtnI_X3-qjDXvHjslgOiNHJ21LmoG1lql6MFP82iJvDYM6OQ8SUMSCQwYgqgIHbMn8f4Awyk8PQ:1pNTYN:rG_LhFod8P7LRNrmGyaRRZofn1COEYOCOMJskuUTnIo','2023-02-16 15:58:39.129007'),('e8tfe3whytjo32rl1ca3kdqb8zavovpc','.eJxVjE0KwyAUhO_iuoga_9JdexF5PhWlwUDVVenda0oW7WZg5puZF3EwenajxacrgVyJIpffzAM-Yj0AbNsRU0DcR-302zlxo7fpYu0FoZe93s_V31WGlucPF8HGxRrgJmkpvbVg-cKmMh_RcGlWDtqboAEY6lVboZNRMjGmRFKRvD-hXzuW:1pOu1H:-j0pr8PwGntzuN09d3XN80kwpUAWzg14AdSJvU0G7Mw','2023-02-20 14:26:23.006517'),('ed1o8t2mz15mqzmvddf5xf9357vil7t3','.eJxVjMsOwiAQRf-FtSG8oS7d-w1kYAapGkhKuzL-uzbpQrf3nHNfLMK21rgNWuKM7MysY6ffMUF-UNsJ3qHdOs-9rcuc-K7wgw5-7UjPy-H-HVQY9VuHUKQUlsgoF4oGH9JE2QRRUJmMGa3yQgotvQZNxSWhlJysM0UZgEzs_QH9uzfP:1pPNGJ:smZSSN_X2z4mx5jnFVj4FZaeyA8NNQb-cllFj8aOyoE','2023-02-21 21:39:51.936459'),('en3iibd8byegh8y4hl9lq8kaj6w2hdpd','.eJxVjMEOwiAQRP-Fs2lwKS540x9plmUJxIYmQk_Gf7c1Pehx3sy8l5po7XlamzynEtVVGaNOvzAQP6TuDc3zjgdiXtbah-_mqNtw25LUXph6Wer9eP2pMrW8eRCNDmCtAQ9mRB3MOTASBNYCDAiJ0WHk6GO8iNMujSSCCYHR-mDV-wPIbTyC:1pNmea:6W-85rCpN_cyuMdtspxBGRMPXtk_uMti_qQPy6BbdsQ','2023-02-17 12:22:20.425169'),('eq9t7z69tr5evqyfqojvymw75qprqk2r','.eJxVjMEOwiAQRP-FsyENZRfwpj_SLAsEYkMTgZPx321ND3qcNzPvJRYaPS-jxedSgriK2YrLL_TEj1iPhtb1wJKYt1G7_G7OusnbnmLthamXrd7P158qU8u7x3nEOCVAQ9EkFUBNnh0h2xgSJ6vRKTNbZGPJ6UlrRAgaANmBB0bx_gDvcTxO:1pOtwN:KbdLQQhq9LjSjHX4C_SyAjVf6fL1o7apZzNF47t7-QI','2023-02-20 14:21:19.013962'),('eqsxnywu04dmwwlag1v6w4cwm1c355dx','.eJxVjEEOAiEQBP_C2RBYGFBv-hEyDBCIGzYROBn_Lmv2oMeu7q4Xczh6dqPFpyuBXZm07PQLPdIj1r3Bdd0xR6Jt1M6_m6Nu_DZTrL0Q9rLV-_H6U2VseXoMGCuC0JDOlNQiSPlJrESxKK9F1BSE8lIHKwG9AZVAotXy4kErgMDeH71LO3E:1pMfJ6:2fjN_CDAEcnqlVckq0jNrxcXKr4rTr25Zd1rDwdpNUw','2023-02-14 01:19:32.908254'),('exyu69yvir1srois96udq1nnkhaw6uxj','.eJxVjEEOAiEQBP_C2RBYGFBv-hEyDBCIGzYROBn_Lmv2oMeu7q4Xczh6dqPFpyuBXZm07PQLPdIj1r3Bdd0xR6Jt1M6_m6Nu_DZTrL0Q9rLV-_H6U2VseXoMGCuC0JDOlNQiSPlJrESxKK9F1BSE8lIHKwG9AZVAotXy4kErgMDeH71LO3E:1pNTdw:SonmSobqVVqRN3PWC49sRC0H36y0rvJ_ND-3j79K284','2023-02-16 16:04:24.119040'),('fcoi38h5lh39o84ik9qb7ie7fa860t2d','.eJxVjMEOwiAQRP-Fs2mwwFK96Y-QZVkCsaGJwMn471LTgx7nvZl5CYe9JdcrP10O4ipgFqdf6JEeXHaD67rjCYm2Xtr07Ry6TreRuLRM2PJW7sfq7yphTeNnIdKotVWAF2TwEiLAzEwoVfAcLBvjYdHoGQhGQasgVYR49iiNZfH-AAd1PZg:1pRNmN:qba4ubEC6bEKRCiaPTI--8OcBWjYA1yFe_uy4IwW1ns','2023-02-27 10:37:15.150026'),('fdftnebqdox872h8gp8evtag9cu0142t','.eJxVjEEOwiAQRe_C2hAoDKhL9z0DmWFAqgaS0q6Md7dNutDte-__twi4LiWsPc1hYnEV2ovTLySMz1R3ww-s9yZjq8s8kdwTedgux8bpdTvav4OCvWxrB84rVhbyOWYzqGhoI16jGgxZlWxkZUhb9hqQHJgMGr3VFwJrAFh8vuMpNv0:1pQgrd:sMs-s1ynu4vyqLvfAEjnIBZcRaKq0-WiqBdZ5HjsIm8','2023-02-25 12:47:49.884678'),('fwopttdcukbkv2nqr4rg9uptltdub7t8','.eJxVjDEOwyAQBP9CHSHAwOGU6f0GdMARnEQgGbuK8vfYkouk2WJndt_M47YWv3Va_JzYlRl2-e0CxifVA6QH1nvjsdV1mQM_FH7SzqeW6HU73b-Dgr3sa6mSo8EBSshW6-AcOjmIPUWgCFLDKNEGSBZRRDtap2wGo7MQRmVD7PMFyTs3Ig:1pRMpG:CL5r51Oqa8I3xdjuk84v-MAkJ2tZj4l9GZ_v--OR_jA','2023-02-27 09:36:10.849296'),('fyr3bw5pnewwrjciw3guyu307tv7impd','.eJxVjEEOgjAQRe_StWnqDO0wLt1zhqZTBosaSCisjHdXEha6_e-9_zIxbWuJW9Uljr25GERz-h0l5YdOO-nvabrNNs_Tuoxid8UetNpu7vV5Pdy_g5Jq-dauAXJAAwTx4AIQSR5YNUFIcG5ci8iBs4oLxATUCrJ632RkFvBo3h_TpzaX:1pPz7Q:qCkqROg3iybEn9-SyNwT-9EWm1r5hYY5A2icwhGPZE4','2023-02-23 14:05:12.411600'),('g26ddqhklkp2i49if063dgqwthhyxl06','.eJxVjMsOwiAQRf-FtSFAGUCX7vsNzcwwSNXQpI-V8d-1SRe6veec-1IDbmsdtkXmYczqomxSp9-RkB_SdpLv2G6T5qmt80h6V_RBF91PWZ7Xw_07qLjUb22Ak1C24DCGzmQBYARJ4iCyNwkMAZ0LBnals4TkkEOMwfoYUjFevT8RATgA:1pPzns:Cts91o1b4RiJrmmG4CzLp8Kxnd3zi0vQJeZdx-__zt0','2023-02-23 14:49:04.192195'),('h3htvjxhi6on28szr0qokzes194qekyv','.eJxVjMEOwjAMQ_-lZzQ168gCN_iRKs1SrWLqJNqeEP_OhnaAk2U_2y_judXZt6JPnyZzNWjN6TcMLA_NO-Fl2eOORdaWa_ftHLh0t81prkm4pjXfj9Xf1cxl3n-ARrUBHEYWsBMohsEyOoj9uAlFGgcnGJwldjpF7AWQQM-kF2I27w_dLjxv:1pREWA:o25sGOXSuznydToMyccL4iDti0PflLgZyzGRrOyP3GA','2023-02-27 00:43:54.355166'),('h3koaczcpotrdud787sc7c6goh4bvffl','.eJxVjM0KwyAQhN_Fcwn-rrG39kVk1yiGBgNVT6XvXlNyaC8DM9_MvJjH3rLvNT79urArU45dfkPC8IjlILhtRzxhCHsvbfp2Tlyn23CxtDVgW_dyP1d_VxlrHj96EYAygbWR26EgAQFgdlYIZUhLIwUpAcST0YnPgaRzKRApw-ckFHt_AKymOzY:1pOudu:8_gyFBX73umW0zkX2QK0DimU7FtRyGBvtIJ0CDVv1to','2023-02-20 15:06:18.261487'),('h4n0ugn2i4zz4v1u1wqvbtlsett82csa','.eJxVjMEOwiAQRP-Fs2lwKS540x9plmUJxIYmQk_Gf7c1Pehx3sy8l5po7XlamzynEtVVGaNOvzAQP6TuDc3zjgdiXtbah-_mqNtw25LUXph6Wer9eP2pMrW8eRCNDmCtAQ9mRB3MOTASBNYCDAiJ0WHk6GO8iNMujSSCCYHR-mDV-wPIbTyC:1pNnbI:rGEAQXFhY8okcZ5Twk_0W78bSB4Eqdo2RExECw_fYhM','2023-02-17 13:23:00.528069'),('h6n7u7pumffluyowjc7ksi28o5jdsrgp','.eJxVjDEOwyAQBP9CHSHAwOGU6f0GdMARnEQgGbuK8vfYkouk2WJndt_M47YWv3Va_JzYlRl2-e0CxifVA6QH1nvjsdV1mQM_FH7SzqeW6HU73b-Dgr3sa6mSo8EBSshW6-AcOjmIPUWgCFLDKNEGSBZRRDtap2wGo7MQRmVD7PMFyTs3Ig:1pPOZ4:49gvF1UanCv_-nkEETi7RuwTh0NoBKgfpAg33bSI1bI','2023-02-21 23:03:18.348117'),('h8pt997pquw07vf2lffxsil7q3s4bqlw','.eJxVjE0KwyAUhO_iuoga_9JdexF5PhWlwUDVVenda0oW7WZg5puZF3EwenajxacrgVyJIpffzAM-Yj0AbNsRU0DcR-302zlxo7fpYu0FoZe93s_V31WGlucPF8HGxRrgJmkpvbVg-cKmMh_RcGlWDtqboAEY6lVboZNRMjGmRFKRvD-hXzuW:1pOBzx:BbbeOAdsYfhuaSklpP1BapRAgh_ZXfp0-yHLjH2_gT4','2023-02-18 15:26:05.851998'),('hc7w8wyu69fgejehbezj5hzp1va5jgi4','.eJxVjDsOwjAQBe_iGllmHbMOJT1nsLwf4wBKpDipEHeHSCmgfTPzXibldalpbTqnQczZeG8OvyNlfui4Ebnn8TZZnsZlHshuit1ps9dJ9HnZ3b-Dmlv91ojeEYTgoQffoSN_JMYMxE6BAaEwRhSWXuSk0cXSZVUsCIyhp2DeH-5fOA4:1pPbPe:UUH06Ljwak_aHZO2TRAkoXFNCC9H4BMma4HxYaMGmyg','2023-02-22 12:46:26.288321'),('heuc0e8cfgbltc6f7w3r0iokfhbtqgob','.eJxVjEEOwiAQRe_C2hCgQAeX7j0DGcqMVA0kpV0Z765NutDtf-_9l4i4rSVunZY4Z3EWDsTpd0w4PajuJN-x3pqcWl2XOcldkQft8toyPS-H-3dQsJdvDSEppMxswWYbNGnHg7KeR6NNRvRA42AYiMPglXfJaKsQCCEoDujE-wMQJTft:1pPZ4e:9ojZaZTtzW-1nGvii4LFJIiRNQ4MyNDyoY7AtVhp1Kg','2023-02-22 10:16:36.639043'),('hl5iccmqsh9bbdanmwga7mo56terd73p','.eJxVjEEOwiAQRe_C2hBgWoe6dN8zkBkYbNVAUtqV8e7apAvd_vfef6lA2zqFrckS5qQuCnp1-h2Z4kPKTtKdyq3qWMu6zKx3RR-06bEmeV4P9-9gojZ9a-u7aIYICII-IyKhY8ss7Cwl4zL2mNnBYEVAHOXsAH20poMziAzq_QEFljgK:1pRS4O:ggM7plnyzlDb26JZmtYCkECiygIpMUfb59_p4TeJ9LA','2023-02-27 15:12:08.520305'),('hq74o6o771v5uba5yjngd9ccunckk9jv','.eJxVjDkOwjAUBe_iGlnfjhdCSZ8zRH8zCaBYylIh7g6RUkD7Zua9TI_bOvTbonM_irmYJprT70jID512InecbtVyndZ5JLsr9qCL7aro83q4fwcDLsO3zk0iOHPLHlxR0ShMgQVTUcoEbXAlA3KIzOLZgXpNSBFcjj4KsHl_ADR_OQc:1pPwZT:Y2Lfghh63_yj66iVlibkBy_1CWBl5QnjHoAEuPGO5y8','2023-02-23 11:21:59.949361'),('hti22n01ohi5gqhasgw3sjd2nt4xguwi','.eJxVjMEOwiAQRP-Fs2lwKS540x9plmUJxIYmQk_Gf7c1Pehx3sy8l5po7XlamzynEtVVGaNOvzAQP6TuDc3zjgdiXtbah-_mqNtw25LUXph6Wer9eP2pMrW8eRCNDmCtAQ9mRB3MOTASBNYCDAiJ0WHk6GO8iNMujSSCCYHR-mDV-wPIbTyC:1pNnaa:x14PYUbCycpJOuai7xQPaM7Uaq1-rLR4nE_KDM5baak','2023-02-17 13:22:16.559108'),('htzn9wnptyyw4pponlu2oe3315zyuubw','.eJxVjEEOwiAQRe_C2hAoDKhL9z0DmWFAqgaS0q6Md7dNutDte-__twi4LiWsPc1hYnEV2ovTLySMz1R3ww-s9yZjq8s8kdwTedgux8bpdTvav4OCvWxrB84rVhbyOWYzqGhoI16jGgxZlWxkZUhb9hqQHJgMGr3VFwJrAFh8vuMpNv0:1pPawx:dq09Upa1PRM8J4MvyeG-eoEBoQKp8JzNSJ3d-2QZnmM','2023-02-22 12:16:47.388365'),('i99hr33zs4bu5fiacoxf828q3a4ys2b3','.eJxVjMEOwiAQRP-Fs2lwKS540x9plmUJxIYmQk_Gf7c1Pehx3sy8l5po7XlamzynEtVVGaNOvzAQP6TuDc3zjgdiXtbah-_mqNtw25LUXph6Wer9eP2pMrW8eRCNDmCtAQ9mRB3MOTASBNYCDAiJ0WHk6GO8iNMujSSCCYHR-mDV-wPIbTyC:1pOa5P:u_J_feZF704iMiSWmqRE3mwB6IPjNg5jlGOjsLScBDQ','2023-02-19 17:09:19.479680'),('ilv4e3ozlll5aeq086m7te44solihizt','.eJxVjDkOwjAUBe_iGlnfjhdCSZ8zRH8zCaBYylIh7g6RUkD7Zua9TI_bOvTbonM_irmYJprT70jID512InecbtVyndZ5JLsr9qCL7aro83q4fwcDLsO3zk0iOHPLHlxR0ShMgQVTUcoEbXAlA3KIzOLZgXpNSBFcjj4KsHl_ADR_OQc:1pPbG4:Z7fpSswV8ActUfVl8ajU_rAn4EAZ5RJpL8REMixtTsw','2023-02-22 12:36:32.662003'),('ixqr4bdi93g5102e66gbrld6src3z5vi','.eJxVjDsOwjAQBe_iGln-xD9Kes5geb1rHEC2FCcV4u4QKQW0b2bei8W0rTVug5Y4IzszFdjpd4SUH9R2gvfUbp3n3tZlBr4r_KCDXzvS83K4fwc1jfqtJQlPCtBlBNJoDQiPpgiHMlASeZpCcQ6KdkaBkAhaacCSU7beSLLs_QEuujjx:1pPZC3:qygwBouMhXeW6HttQqmw-ARn55pv_EZ4LPxJrw9EGpU','2023-02-22 10:24:15.842772'),('je39ci28y2izyxdex3zvvzcafuf2s9oz','.eJxVjEEOwiAQRe_C2hAoDKhL9z0DmWFAqgaS0q6Md7dNutDte-__twi4LiWsPc1hYnEV2ovTLySMz1R3ww-s9yZjq8s8kdwTedgux8bpdTvav4OCvWxrB84rVhbyOWYzqGhoI16jGgxZlWxkZUhb9hqQHJgMGr3VFwJrAFh8vuMpNv0:1pQHXl:WGXOvqm08_-7h_SjzuTeh99uUQdgrfzFBnAQxjacDYo','2023-02-24 09:45:37.326805'),('jripk6eqvpauewq1n6z60pucns02h0cx','.eJxVjDsOwjAQBe_iGln-xD9Kes5geb1rHEC2FCcV4u4QKQW0b2bei8W0rTVug5Y4IzszFdjpd4SUH9R2gvfUbp3n3tZlBr4r_KCDXzvS83K4fwc1jfqtJQlPCtBlBNJoDQiPpgiHMlASeZpCcQ6KdkaBkAhaacCSU7beSLLs_QEuujjx:1pR62k:6r6M_0Q08ZtsI6wAYz_cBnJm_oK4OPKvdxOz5FP-SiI','2023-02-26 15:40:58.118299'),('jv20obuopqfwdh94gv3v7it6lnk0pcdr','.eJxVjDsOwjAQBe_iGllmHbMOJT1nsLwf4wBKpDipEHeHSCmgfTPzXibldalpbTqnQczZeG8OvyNlfui4Ebnn8TZZnsZlHshuit1ps9dJ9HnZ3b-Dmlv91ojeEYTgoQffoSN_JMYMxE6BAaEwRhSWXuSk0cXSZVUsCIyhp2DeH-5fOA4:1pPNwc:1Bnx7GwvApDlGVeCNcHEaXnKMV7FHEGRM8Dja-sZ_YA','2023-02-21 22:23:34.554750'),('k4901c3fds1m5w5v0zil82mlajaxobhk','.eJxVjEEOwiAQRe_C2hBgKgWX7j0DGWZGqRpISrsy3l2bdKHb_977L5VwXUpau8xpYnVSAOrwO2akh9SN8B3rrWlqdZmnrDdF77TrS2N5nnf376BgL9_aRB7AjeyiUI4hMvgI2XsSBxlQCBkFonUkV2aLgkdDw-hcQOODNer9ARtOOIs:1pQOhB:tji0_I_QeUZ1QrP9nBbzs1RppNXYymqKjB1yO9byUt0','2023-02-24 17:23:49.174494'),('kb92t4rb3uzrh4yom5enpe56pn53ihg0','.eJwFwcsRgCAMBcBeqCAhBonNME_hDWc_J8fe3X1Tw3PP9lzjbBPXTFvqtYuI76p9ECMYAD0KdoZFZKp4px2rWYGvRDlMalFl9iXA9P2uGxnY:1pPjXx:srGeNdQk5BuZS0vOcyglIsxJIhAqBFJFsdfipn1A_3s','2023-02-22 21:27:33.453444'),('kfpy8fz3ud3msadksqqt5knyg3uxgrq9','.eJxVjMEOwiAQRP-Fs2lwKS540x9plmUJxIYmQk_Gf7c1Pehx3sy8l5po7XlamzynEtVVGaNOvzAQP6TuDc3zjgdiXtbah-_mqNtw25LUXph6Wer9eP2pMrW8eRCNDmCtAQ9mRB3MOTASBNYCDAiJ0WHk6GO8iNMujSSCCYHR-mDV-wPIbTyC:1pOXNB:zhviDd1XNe-UyhGfqZPV04TxQeThk5QT4unLbTAHhe0','2023-02-19 14:15:29.220690'),('kgp3o0kjamh90xakw0ewppbvvlrf6xfa','.eJxVjMEOwiAQRP-Fs2lwKS540x9plmUJxIYmQk_Gf7c1Pehx3sy8l5po7XlamzynEtVVGaNOvzAQP6TuDc3zjgdiXtbah-_mqNtw25LUXph6Wer9eP2pMrW8eRCNDmCtAQ9mRB3MOTASBNYCDAiJ0WHk6GO8iNMujSSCCYHR-mDV-wPIbTyC:1pNoqo:2H8j_-O7vbHU0SoE_jSeweUEpIBmVlzu0FZG3Pms7Ew','2023-02-17 14:43:06.947603'),('kjcwmiwyye5nu7fifkpr48sk05zt42vr','.eJxVjEEOAiEQBP_C2RBYGFBv-hEyDBCIGzYROBn_Lmv2oMeu7q4Xczh6dqPFpyuBXZm07PQLPdIj1r3Bdd0xR6Jt1M6_m6Nu_DZTrL0Q9rLV-_H6U2VseXoMGCuC0JDOlNQiSPlJrESxKK9F1BSE8lIHKwG9AZVAotXy4kErgMDeH71LO3E:1pOZxk:d_OqrM37siNcdlZJ_AuC4wOFjbidan3CP0Ry6_x_4Ac','2023-02-19 17:01:24.287392'),('klradfv47227i88dqpp4t2y74jrum7sg','.eJxVjM0OwiAQhN-FsyHdFtjWm74I2eUnEBuaCJyM725retDjfDPzvYSl3pLtNTxt9uIqNIrLL2Ryj1COhtb1wJKc23pp8rs56ypvewqlZUctb-V-vv5UiWraPWNcJl44OtbIagavWOE8AMFIykDUgzYwIYdp4RkZAEcd0EUf2aBHLd4f3tA8Vg:1pPN9Y:KnkFiw9MAUEW5acGZTCCY64lbpMsCW4A8qn2yTTFOl4','2023-02-21 21:32:52.376739'),('ksqjug1og92zu5mdqvikksv99lh4r55p','.eJxVjMEOwiAQRP-Fs2lwKS540x9plmUJxIYmQk_Gf7c1Pehx3sy8l5po7XlamzynEtVVGaNOvzAQP6TuDc3zjgdiXtbah-_mqNtw25LUXph6Wer9eP2pMrW8eRCNDmCtAQ9mRB3MOTASBNYCDAiJ0WHk6GO8iNMujSSCCYHR-mDV-wPIbTyC:1pPD4W:7CFjeNrwAbfIUqhoGp-SK3aw8s4RSOwbD3m4QQELuQo','2023-02-21 10:47:00.569019'),('kz7ri9pt1ymx6tjbexyok1mmr07gdrgl','.eJxVjDsOwjAQBe_iGln-xD9Kes5geb1rHEC2FCcV4u4QKQW0b2bei8W0rTVug5Y4IzszFdjpd4SUH9R2gvfUbp3n3tZlBr4r_KCDXzvS83K4fwc1jfqtJQlPCtBlBNJoDQiPpgiHMlASeZpCcQ6KdkaBkAhaacCSU7beSLLs_QEuujjx:1pRMgS:4VdvHLlLAGuxhweqLPekKXJKWB3tohy8zEH-LPOV9lo','2023-02-27 09:27:04.378208'),('l03fj33ldixyh692dvviv3ld8oj10uv7','.eJwFwcsRgCAMBcBeqCAvhJ_NMIHAcBY5Ofbu7uuqnmfVs8ddl-7lLsdZjc0gY2YLgWmasPTstWUR6mQNNJAmGqKgWA8pMrRMUISP7vsBlTQY9Q:1pRYqr:4SuKfIDVQhelSEtnFlFcoD9aHIV87iiTxqg_zxQ_MTM','2023-02-27 22:26:37.536481'),('l2iwo241qfz1ydw0nkv6m5ty2hrtzcv5','.eJxVjEEOwiAQRe_C2hBgKgWX7j0DGWZGqRpISrsy3l2bdKHb_977L5VwXUpau8xpYnVSAOrwO2akh9SN8B3rrWlqdZmnrDdF77TrS2N5nnf376BgL9_aRB7AjeyiUI4hMvgI2XsSBxlQCBkFonUkV2aLgkdDw-hcQOODNer9ARtOOIs:1pQ6k4:1qKSNt6tjVq4fkM3i_zcWbgTOdGCjTpiTqpMv71RBI4','2023-02-23 22:13:36.240725'),('l659nj74rupi63yh27bt97a0hry20tch','.eJxVjEEOAiEQBP_C2RBYGFBv-hEyDBCIGzYROBn_Lmv2oMeu7q4Xczh6dqPFpyuBXZm07PQLPdIj1r3Bdd0xR6Jt1M6_m6Nu_DZTrL0Q9rLV-_H6U2VseXoMGCuC0JDOlNQiSPlJrESxKK9F1BSE8lIHKwG9AZVAotXy4kErgMDeH71LO3E:1pMU0p:kRXfcPcA2SmjMiogwYY4E1y-NjsdwPb4Y_8jmbrqAik','2023-02-13 13:15:55.201372'),('ldtqjnkduzqpgdaeatnhkkuu0r9b7fef','.eJxVjEEOwiAQRe_C2hBgWoe6dN8zkBkYbNVAUtqV8e7apAvd_vfef6lA2zqFrckS5qQuCnp1-h2Z4kPKTtKdyq3qWMu6zKx3RR-06bEmeV4P9-9gojZ9a-u7aIYICII-IyKhY8ss7Cwl4zL2mNnBYEVAHOXsAH20poMziAzq_QEFljgK:1pQOyg:p5hpECJJ7raTJXgRvWqTKi1bhdDa7wmaU03DoY7wyTs','2023-02-24 17:41:54.863997'),('lgf27ujra9k09oj6gtdct0h051qz1jci','.eJxVjE0KwyAUhO_iuoga_9JdexF5PhWlwUDVVenda0oW7WZg5puZF3EwenajxacrgVyJIpffzAM-Yj0AbNsRU0DcR-302zlxo7fpYu0FoZe93s_V31WGlucPF8HGxRrgJmkpvbVg-cKmMh_RcGlWDtqboAEY6lVboZNRMjGmRFKRvD-hXzuW:1pOZ8r:K1n3TBzZWnk3eSQFUnnyp6hPSmGp_UjEAGSGCxrTwFI','2023-02-19 16:08:49.778199'),('lj6ooiagqc6guhsxya13trwmjv0ovvrj','.eJxVjEEOwiAQRe_C2hBgKgWX7j0DGWZGqRpISrsy3l2bdKHb_977L5VwXUpau8xpYnVSAOrwO2akh9SN8B3rrWlqdZmnrDdF77TrS2N5nnf376BgL9_aRB7AjeyiUI4hMvgI2XsSBxlQCBkFonUkV2aLgkdDw-hcQOODNer9ARtOOIs:1pRYoL:Y_db_IdA05taUgYi-dSPOpQ9vSHLb7aIQR69vETUv-A','2023-02-27 22:24:01.105063'),('llmhh7a4znqbuq5cxqordvhzox7si93n','.eJxVjEEOwiAQRe_C2hAoDKhL9z0DmWFAqgaS0q6Md7dNutDte-__twi4LiWsPc1hYnEV2ovTLySMz1R3ww-s9yZjq8s8kdwTedgux8bpdTvav4OCvWxrB84rVhbyOWYzqGhoI16jGgxZlWxkZUhb9hqQHJgMGr3VFwJrAFh8vuMpNv0:1pQNAc:wyA8DdPLso2C-ClczLa0RdsA7RVN4DaU-0XVGpOm22I','2023-02-24 15:46:06.853124'),('lolk9253cjvbzhj2xi32wtxvjrn43my6','.eJxVjEEOwiAQRe_C2hCgQAeX7j0DGcqMVA0kpV0Z765NutDtf-_9l4i4rSVunZY4Z3EWDsTpd0w4PajuJN-x3pqcWl2XOcldkQft8toyPS-H-3dQsJdvDSEppMxswWYbNGnHg7KeR6NNRvRA42AYiMPglXfJaKsQCCEoDujE-wMQJTft:1pPZtH:PFeUOzGZ__YiQqOfCelCCa967s1Fi1O1mM-37oqKba0','2023-02-22 11:08:55.814607'),('lqzzwkjm5ye7u09r3zee9f4zetvrng96','.eJxVjEEOAiEQBP_C2RBYGFBv-hEyDBCIGzYROBn_Lmv2oMeu7q4Xczh6dqPFpyuBXZm07PQLPdIj1r3Bdd0xR6Jt1M6_m6Nu_DZTrL0Q9rLV-_H6U2VseXoMGCuC0JDOlNQiSPlJrESxKK9F1BSE8lIHKwG9AZVAotXy4kErgMDeH71LO3E:1pMeUL:wxEYpfuZduvvFHqIkS5RbKcdR0T9bSrbOWbo1bxZ2Ko','2023-02-14 00:27:05.901263'),('lsh4u1pwvuvfuqhytn5009yqrr4t2muq','.eJxVjMEOwiAQRP-Fs2lwKS540x9plmUJxIYmQk_Gf7c1Pehx3sy8l5po7XlamzynEtVVGaNOvzAQP6TuDc3zjgdiXtbah-_mqNtw25LUXph6Wer9eP2pMrW8eRCNDmCtAQ9mRB3MOTASBNYCDAiJ0WHk6GO8iNMujSSCCYHR-mDV-wPIbTyC:1pNTpc:aLoc7wbUGO29_rn6XIVZ4TB2Pi2FP3ZSA6aECqzHlFg','2023-02-16 16:16:28.446963'),('m0vo0yy6kcs9xg3c45pjd8227awkgziu','.eJwFwckRgCAMAMBeUoG5gNgMEwIMb9GXY-_uvlD9uVd99rjq8r3gBBbSIG9JumGQoaIYmrHytJb50FkaJu-sbRgTijAG6wwvkYfB9wNhLRiG:1pRYqz:D51aIvXMVMH_LbmGguEGn3-3uY6vdvO9awdsFiKfaUk','2023-02-27 22:26:45.706229'),('m4f3swyg1bfyzj5d4nmlcrqtp4iglmlq','.eJxVjMEOwiAQRP-FsyEsFALe9EfIdtkGYkMTCyfjv0tND3qbmTczLxGxtxz7zs9YkrgK7cXlN5yRHlwPgut6xBKJtl6b_HZOvMvbcFxbIWxlq_dz9XeVcc_jB2C2QH5x7DUDDGEN6mBN8ikFzUaryRFoVIuacDijlHUJA3FSIYB4fwDIPjum:1pMTnF:lJ4_gtqAgPBc7hUxFy1GYtuqh_Yo03NZy4_iEIL-n7s','2023-02-13 13:01:53.884109'),('mfmetpqsxoeyunuexu6dk0cg82ppg684','.eJxVjMEOwiAQRP-Fs2lwKS540x9plmUJxIYmQk_Gf7c1Pehx3sy8l5po7XlamzynEtVVGaNOvzAQP6TuDc3zjgdiXtbah-_mqNtw25LUXph6Wer9eP2pMrW8eRCNDmCtAQ9mRB3MOTASBNYCDAiJ0WHk6GO8iNMujSSCCYHR-mDV-wPIbTyC:1pOtmF:YsVViM74FLeOq57D8SEOnfcJhluWYImjR0r8lfHFsEU','2023-02-20 14:10:51.196285'),('mmovdh4o157kui9mb7iiyf503hd4samo','.eJxVjDsOwjAQBe_iGln-xD9Kes5geb1rHEC2FCcV4u4QKQW0b2bei8W0rTVug5Y4IzszFdjpd4SUH9R2gvfUbp3n3tZlBr4r_KCDXzvS83K4fwc1jfqtJQlPCtBlBNJoDQiPpgiHMlASeZpCcQ6KdkaBkAhaacCSU7beSLLs_QEuujjx:1pPZ8Z:XOKezjYU3rFi0T3A8T0m-c2Am-fGpcx9CVsQfaqZL7k','2023-02-22 10:20:39.816937'),('n63vcl468438iaa54cxosqutna5uzl1y','.eJxVjE0KwyAUhO_iuoga_9JdexF5PhWlwUDVVenda0oW7WZg5puZF3EwenajxacrgVyJIpffzAM-Yj0AbNsRU0DcR-302zlxo7fpYu0FoZe93s_V31WGlucPF8HGxRrgJmkpvbVg-cKmMh_RcGlWDtqboAEY6lVboZNRMjGmRFKRvD-hXzuW:1pMlt5:QPFr4erlksoYmJneNuWrkUgJSAlGHc1XFLYe4YiaFmI','2023-02-14 17:21:07.810760'),('n9gfvphfi7rqlmcq3d0n7b5yoiy1wiwz','.eJxVjEEOwiAQRe_C2hAoDKhL9z0DmWFAqgaS0q6Md7dNutDte-__twi4LiWsPc1hYnEV2ovTLySMz1R3ww-s9yZjq8s8kdwTedgux8bpdTvav4OCvWxrB84rVhbyOWYzqGhoI16jGgxZlWxkZUhb9hqQHJgMGr3VFwJrAFh8vuMpNv0:1pQHir:T3Yfi-qf--QoUcZoa1MuJfrLGmmzFQLtTj3uOtbiVNU','2023-02-24 09:57:05.177150'),('nbdpkg8gj6b8y11mmxr55higj8o4p8m3','.eJxVjDsOwjAQBe_iGln-xD9Kes5geb1rHEC2FCcV4u4QKQW0b2bei8W0rTVug5Y4IzszFdjpd4SUH9R2gvfUbp3n3tZlBr4r_KCDXzvS83K4fwc1jfqtJQlPCtBlBNJoDQiPpgiHMlASeZpCcQ6KdkaBkAhaacCSU7beSLLs_QEuujjx:1pPZFm:Q8EUwgTtyzIf4MJ_ICjepb1riVajTM-ZgMAJotmgXUM','2023-02-22 10:28:06.388485'),('ngyg5t9c1s3jh5riniq5b0rpo7e5woin','.eJxVjEEOwiAQRe_C2hBgKgWX7j0DGWZGqRpISrsy3l2bdKHb_977L5VwXUpau8xpYnVSAOrwO2akh9SN8B3rrWlqdZmnrDdF77TrS2N5nnf376BgL9_aRB7AjeyiUI4hMvgI2XsSBxlQCBkFonUkV2aLgkdDw-hcQOODNer9ARtOOIs:1pRDCi:nAGRtCJeK3b8pr1qd68uXdKl80wOfmioP3seo8HSBn0','2023-02-26 23:19:44.846600'),('nn2l3bibprb64vpe62ly93w7ezd7w9fr','.eJxVjMsOwiAURP-FtWlaXhfc6Y-QywUCsaGJwMr477amC13OmZnzYg5Hz260-HQlsCuTM7v8Qo_0iPVocF0PPCHRNmqfvpuzbtNtT7H2QtjLVu_n60-VseXdo5UA5RMHa4GnRNJQoFkJbnSI6I3llIwCAYsgRB1kSF7R4lFajAY0e38A4nA89A:1pOv7b:Mkem5Xo8vImJfTB4CnLrDfIzkgvM0NfFgSDY6TsKOjQ','2023-02-20 15:36:59.395895'),('o3txc0tveasoeltjzmq84fn81l5n17dr','.eJxVjEEOwiAQRe_C2hBgKgWX7j0DGWZGqRpISrsy3l2bdKHb_977L5VwXUpau8xpYnVSAOrwO2akh9SN8B3rrWlqdZmnrDdF77TrS2N5nnf376BgL9_aRB7AjeyiUI4hMvgI2XsSBxlQCBkFonUkV2aLgkdDw-hcQOODNer9ARtOOIs:1pRNFK:He0rjrFF7dNzU2AMlGNqeYYdgAwhTdg8luq5Wn4GJ9Q','2023-02-27 10:03:06.305906'),('oapyrd81vvydwraad0skwfo88354okrn','.eJxVjEEOwiAQRe_C2hDoCO24dO8ZyMAwUjU0Ke3KeHdD0oVu_3vvv1WgfSthb3kNM6uLAlCn3zFSeubaCT-o3hedlrqtc9Rd0Qdt-rZwfl0P9--gUCu9ntgY46K1nIUyChKJQ09REBAHscaxQBoBPLlRyCcwk7dWBndGEvX5AiUYOG0:1pPwah:Ev7zsAzxIHLQw1lweXrLKmSYRnthh2unAEfoEiklL-Y','2023-02-23 11:23:15.769998'),('ofkkcsh1zzz48b3te76viicqm7dxv3ee','.eJxVjEEOwiAQRe_C2hAoDKhL9z0DmWFAqgaS0q6Md7dNutDte-__twi4LiWsPc1hYnEV2ovTLySMz1R3ww-s9yZjq8s8kdwTedgux8bpdTvav4OCvWxrB84rVhbyOWYzqGhoI16jGgxZlWxkZUhb9hqQHJgMGr3VFwJrAFh8vuMpNv0:1pRMco:l8ex235TYg07QcvTHjKQvrm8bkc_o36DPYtX37Cxo84','2023-02-27 09:23:18.995043'),('ojqkxozn3l5523kedik5h0rlwgguzk9t','.eJxVjMEOwiAQRP-Fs2lwKS540x9plmUJxIYmQk_Gf7c1Pehx3sy8l5po7XlamzynEtVVGaNOvzAQP6TuDc3zjgdiXtbah-_mqNtw25LUXph6Wer9eP2pMrW8eRCNDmCtAQ9mRB3MOTASBNYCDAiJ0WHk6GO8iNMujSSCCYHR-mDV-wPIbTyC:1pOfcD:tQAhUysA7Xn5T-p3Nagt41yDl6w3KDQH4j_VuQQD2Kg','2023-02-19 23:03:33.582915'),('pf6qflfra1s73exbbs3toly7zw6h1774','.eJxVjEEOgjAURO_StSG_hVJxJxchv9PflEhKIu3KeHfBsNDlvJl5LzVxLWmqmzynOaibaq26_ELPeEg-Gl6WAzcMrDWX5rs5662570lymcFlXvN4vv5Uibe0e1zbe7pigCEdJYgN8B0C91G88zR0OjpidBYIBprESM_eknbW2EBQ7w8OoT17:1pPIzQ:k_D7FNDQrx5FpVk31-rvBF5LvfVn-K9rRY2ffxaF-cM','2023-02-21 17:06:08.106855'),('pvqtby8ljq1c2blhucn982a3co7gv7fh','.eJxVjDsOwjAQBe_iGln-xD9Kes5geb1rHEC2FCcV4u4QKQW0b2bei8W0rTVug5Y4IzszFdjpd4SUH9R2gvfUbp3n3tZlBr4r_KCDXzvS83K4fwc1jfqtJQlPCtBlBNJoDQiPpgiHMlASeZpCcQ6KdkaBkAhaacCSU7beSLLs_QEuujjx:1pQHif:binNhv4b1l74FIy0qAd97g4v9HbZQH3Xte7evMU48no','2023-02-24 09:56:53.359584'),('pzf6jd1x49qc4ks0vgudh7ot1qlqlixk','.eJxVjDEOwyAQBP9CHSHAwOGU6f0GdMARnEQgGbuK8vfYkouk2WJndt_M47YWv3Va_JzYlRl2-e0CxifVA6QH1nvjsdV1mQM_FH7SzqeW6HU73b-Dgr3sa6mSo8EBSshW6-AcOjmIPUWgCFLDKNEGSBZRRDtap2wGo7MQRmVD7PMFyTs3Ig:1pQP8Z:Rwqbw7xJs5hPlv030MLk4e3aCofmVMm9zMmG6rb9ygU','2023-02-24 17:52:07.978273'),('q2bor12hqhyeuvdtj0czl9e11tz0l73y','.eJxVjEEOwiAQRe_C2hAoDKhL9z0DmWFAqgaS0q6Md7dNutDte-__twi4LiWsPc1hYnEV2ovTLySMz1R3ww-s9yZjq8s8kdwTedgux8bpdTvav4OCvWxrB84rVhbyOWYzqGhoI16jGgxZlWxkZUhb9hqQHJgMGr3VFwJrAFh8vuMpNv0:1pQfdZ:qarz9zsXViGQIe_1rLrRGI1OUH4EkE2WywJ_PVOBMCk','2023-02-25 11:29:13.335368'),('q3thh0mypz2rs670x85w0p1ebtld4ewl','.eJxVjEEOwiAQRe_C2hBgWoe6dN8zkBkYbNVAUtqV8e7apAvd_vfef6lA2zqFrckS5qQuCnp1-h2Z4kPKTtKdyq3qWMu6zKx3RR-06bEmeV4P9-9gojZ9a-u7aIYICII-IyKhY8ss7Cwl4zL2mNnBYEVAHOXsAH20poMziAzq_QEFljgK:1pRDLI:efsDaFsOM4rswG4MwxMZ-R95ev15P9p2dnElM92st-g','2023-02-26 23:28:36.232528'),('q5pa8r5uhzv44gt23iuo8abtw0mpqu1p','.eJxVjEEOwiAQRe_C2hAoDKhL9z0DmWFAqgaS0q6Md7dNutDte-__twi4LiWsPc1hYnEV2ovTLySMz1R3ww-s9yZjq8s8kdwTedgux8bpdTvav4OCvWxrB84rVhbyOWYzqGhoI16jGgxZlWxkZUhb9hqQHJgMGr3VFwJrAFh8vuMpNv0:1pPYAi:WskvpJwAb-p9GARq0b32EmaTCK2O5IToO8DktAM-4OA','2023-02-22 09:18:48.136357'),('qjh3605swmbbm89xffin4ufmxe15ey91','.eJxVjM0OwiAQhN-Fs2lg-Sn1pi_SLMsSiA1NLJyM725retDjfDPzvcSMveW5b_ycSxRXYZ24_MKA9OB6NLgsBx6QaO21Dd_NWW_DbU9cWyFsZa338_Wnyrjl3eN9UkpaZgPOJ42jDxOT8TJFMBQpWhilklqNGjUnFySAmqwzCQwisXh_ANf7PEM:1pPMos:1wzDq6wCvPUtn1fDe0ORXVCfZY0cJ0kAPxGKDz9iiDk','2023-02-21 21:11:30.562492'),('qn0u6no5jhauzb1ckyqpqyv4b2q23wt1','.eJxVjMEOwiAQRP-Fs2lwKS540x9plmUJxIYmQk_Gf7c1Pehx3sy8l5po7XlamzynEtVVGaNOvzAQP6TuDc3zjgdiXtbah-_mqNtw25LUXph6Wer9eP2pMrW8eRCNDmCtAQ9mRB3MOTASBNYCDAiJ0WHk6GO8iNMujSSCCYHR-mDV-wPIbTyC:1pNlRc:iN1ZXSaL1eIEDEUoMOwLqu77OvAIevyJR4zI9JSpgDk','2023-02-17 11:04:52.217780'),('r43gy0t81dnwuvvnsqlix71awnm05yab','.eJxVjDsOwjAQBe_iGln-xD9Kes5geb1rHEC2FCcV4u4QKQW0b2bei8W0rTVug5Y4IzszFdjpd4SUH9R2gvfUbp3n3tZlBr4r_KCDXzvS83K4fwc1jfqtJQlPCtBlBNJoDQiPpgiHMlASeZpCcQ6KdkaBkAhaacCSU7beSLLs_QEuujjx:1pQHWV:SuP3L4ZZD5YBnVtXegxWiQ4NbzfQvbOOcPswT2lJSNQ','2023-02-24 09:44:19.346546'),('r9v4x6ezgzkpppqjd7jjk1au9fedhkcb','.eJxVjE0KwyAUhO_iuoga_9JdexF5PhWlwUDVVenda0oW7WZg5puZF3EwenajxacrgVyJIpffzAM-Yj0AbNsRU0DcR-302zlxo7fpYu0FoZe93s_V31WGlucPF8HGxRrgJmkpvbVg-cKmMh_RcGlWDtqboAEY6lVboZNRMjGmRFKRvD-hXzuW:1pNW00:4PiOrPSFTutfIj8x3Cv4kEfWuWkfjAS9Y8TvuWM_rAU','2023-02-16 18:35:20.922582'),('rgxuhsq217wdhkc2qh01hb1jlmnzs2wo','.eJxVjMsOwiAQRf-FtSFAGUCX7vsNzcwwSNXQpI-V8d-1SRe6veec-1IDbmsdtkXmYczqomxSp9-RkB_SdpLv2G6T5qmt80h6V_RBF91PWZ7Xw_07qLjUb22Ak1C24DCGzmQBYARJ4iCyNwkMAZ0LBnals4TkkEOMwfoYUjFevT8RATgA:1pRZNC:6P_TVoR6G-h4ENx3eSQSNHlkliBZdLS8eGu-AnEpAH4','2023-02-27 23:00:02.053008'),('rscalcmv4epmrzhbslt6tv0aa4dhcd5t','.eJxVjDsOwjAQBe_iGllmHbMOJT1nsLwf4wBKpDipEHeHSCmgfTPzXibldalpbTqnQczZeG8OvyNlfui4Ebnn8TZZnsZlHshuit1ps9dJ9HnZ3b-Dmlv91ojeEYTgoQffoSN_JMYMxE6BAaEwRhSWXuSk0cXSZVUsCIyhp2DeH-5fOA4:1pPN8Z:hoh2_eQfIMSN2hAVnjE9WDH0qNYfvZE5H6SaP2QAI2s','2023-02-21 21:31:51.712996'),('ryjgp3kojan9hjtvg3zz6pxz0kaj0kve','.eJxVjMEOwiAQRP-Fs2lwKS540x9plmUJxIYmQk_Gf7c1Pehx3sy8l5po7XlamzynEtVVGaNOvzAQP6TuDc3zjgdiXtbah-_mqNtw25LUXph6Wer9eP2pMrW8eRCNDmCtAQ9mRB3MOTASBNYCDAiJ0WHk6GO8iNMujSSCCYHR-mDV-wPIbTyC:1pNnTr:6-1-Rn3T2XVNfxSjrLx6s517UUCQHegsXPi0b0Yn7jc','2023-02-17 13:15:19.665255'),('s1nj3mbq2u0s79x37s2ot92sp508rtas','.eJxVjEEOwiAQRe_C2hBgWoe6dN8zkBkYbNVAUtqV8e7apAvd_vfef6lA2zqFrckS5qQuCnp1-h2Z4kPKTtKdyq3qWMu6zKx3RR-06bEmeV4P9-9gojZ9a-u7aIYICII-IyKhY8ss7Cwl4zL2mNnBYEVAHOXsAH20poMziAzq_QEFljgK:1pREJl:aB3D27atcc3dM8n53OcqwD5K-C2xtbFnUm7AEZB-cVQ','2023-02-27 00:31:05.148033'),('s33bcqtv364kxn0cwxd68hgrvd27l5jb','.eJxVjEEOwiAQRe_C2hAoDKhL9z0DmWFAqgaS0q6Md7dNutDte-__twi4LiWsPc1hYnEV2ovTLySMz1R3ww-s9yZjq8s8kdwTedgux8bpdTvav4OCvWxrB84rVhbyOWYzqGhoI16jGgxZlWxkZUhb9hqQHJgMGr3VFwJrAFh8vuMpNv0:1pPawo:x6lMVxPnm3Dw1Ounv-ZIvb0-G_j0XUsQjdbJgwR2tH4','2023-02-22 12:16:38.684054'),('sabdffal7jjo8vk04zyiizodomj6bnii','.eJxVjEsOAiEQRO_C2hC-A7jTi5Cm6QTihEkEVsa7O2Nmoct6VfVeLMIcJc5Oz1gzuzIr2OUXJsAHtaOBdT0wB8RttsG_m7Pu_LYnaqMijLq1-_n6UxXoZfd4QJURFSVtnJNiMc4ItyD4pICC1SZIl62mJIkCkhA-G7vojMGKRMjeH-GxPKY:1pPJXK:mX1iRtYtwdlEJXCc-zmCx7R7AZ3Lr-cIyLxhj81kN08','2023-02-21 17:41:10.763102'),('sequ9yynoqajgsxcaw3khb8z41e68bfo','.eJxVjEEOAiEQBP_C2RBYGFBv-hEyDBCIGzYROBn_Lmv2oMeu7q4Xczh6dqPFpyuBXZm07PQLPdIj1r3Bdd0xR6Jt1M6_m6Nu_DZTrL0Q9rLV-_H6U2VseXoMGCuC0JDOlNQiSPlJrESxKK9F1BSE8lIHKwG9AZVAotXy4kErgMDeH71LO3E:1pOtra:WfuJ0MQfdkjtTX8_zh2mc9C1HnFSb9zYIYmGARX25zw','2023-02-20 14:16:22.279023'),('sjpy6eu86zyqmxvgkcau7qyhisxsj2kc','.eJxVjMsOwiAQRf-FtSGFITxcuvcbyMwAUjWQlHZl_Hdt0oVu7znnvkTEba1xG3mJcxJnYZU4_Y6E_MhtJ-mO7dYl97YuM8ldkQcd8tpTfl4O9--g4qjfejLFgaZiIBsmsuQLWbDGF-eoJMWZ_BRY2-IZMFgAAu2DQnSJtAbx_gAeSjhr:1pRNLY:OXT1M1nQHXpAbgb-4yj-8fex8ULCVGQDiouLcRYfdk8','2023-02-27 10:09:32.840022'),('st36mr1oqobh6fyltxpcbs47clqygwtr','.eJxVjEEOwiAQRe_C2hBgKgWX7j0DGWZGqRpISrsy3l2bdKHb_977L5VwXUpau8xpYnVSAOrwO2akh9SN8B3rrWlqdZmnrDdF77TrS2N5nnf376BgL9_aRB7AjeyiUI4hMvgI2XsSBxlQCBkFonUkV2aLgkdDw-hcQOODNer9ARtOOIs:1pQn46:GeMsdrj5MW3bWNDZe_IHzrprHUrWeLroIMN7omcyjdE','2023-02-25 19:25:06.321869'),('sua0acetyb9cf3aoyd0ss5jhj0bj7gpk','.eJxVjEEOwiAQRe_C2hAoDKhL9z0DmWFAqgaS0q6Md7dNutDte-__twi4LiWsPc1hYnEV2ovTLySMz1R3ww-s9yZjq8s8kdwTedgux8bpdTvav4OCvWxrB84rVhbyOWYzqGhoI16jGgxZlWxkZUhb9hqQHJgMGr3VFwJrAFh8vuMpNv0:1pQH7x:P2pEYgk935FBAPsro0sr0jCMsez03G_cA_eq-gxFOn4','2023-02-24 09:18:57.607247'),('sw3cuqbuw63cdztpsejn5chy5tyjzyti','.eJxVjEEOgjAURO_StSG_hVJxJxchv9PflEhKIu3KeHfBsNDlvJl5LzVxLWmqmzynOaibaq26_ELPeEg-Gl6WAzcMrDWX5rs5662570lymcFlXvN4vv5Uibe0e1zbe7pigCEdJYgN8B0C91G88zR0OjpidBYIBprESM_eknbW2EBQ7w8OoT17:1pOv01:4dvOaOgeeCI5c37mWX8cMquJTO6JoNt63tNbC6Jt1Go','2023-02-20 15:29:09.593575'),('t2v4t2pykz4ewthjzi0nsc7v4d20yv54','.eJxVjEsOwjAMRO-SNari9OOYHVykcmxLrahSiSYrxN1pURewnDcz7-VGrmUa62bPcVZ3dS24yy9MLA_LR8PLcuCGRdaaS_PdnPXW3PZkuczCZV7z_Xz9qSbept0jSTmSGtkQvI8YGTvfEiACgCEKiXQhQa9qSBbUvAaISgOhUurd-wPffzxl:1pNTDT:RckJ5ck94GVeBBw8MwQu29pqt2awAqoIz-jGoY2Ddbs','2023-02-16 15:37:03.238619'),('t3e6o87trznslp821a66lqcil9xkbjga','.eJxVjM0OwiAQhN-Fs2kKS_jxpi9CdhcIxIYmQk_Gd7c1Pehxvpn5XiLgNkrYenqGGsVVGCkuv5CQH6kdDS7LgSdkXrc2pu_mrPt021NqozKOurb7-fpTFexl98w6W1CUNSTNRIZcJgNGu2wt5Sg5kZs9K5MdA3oDQKCcl4g2klIg3h_4Uzzf:1pRNKk:gNm4tcGUEMfchhFNOLT_DKA41Hfzlc-sGwutg6PoGiY','2023-02-27 10:08:42.378277'),('t6zyfmvyoj1bz33qpysz6wewq6rujzbw','.eJxVjMEOwiAQRP-FsyEsFALe9EfIdtkGYkMTCyfjv0tND3qbmTczLxGxtxz7zs9YkrgK7cXlN5yRHlwPgut6xBKJtl6b_HZOvMvbcFxbIWxlq_dz9XeVcc_jB2C2QH5x7DUDDGEN6mBN8ikFzUaryRFoVIuacDijlHUJA3FSIYB4fwDIPjum:1pMToh:g5b-A4OCTUveKo8VzJldpg7cZkmlleiYq5qZHGWfQq4','2023-02-13 13:03:23.087882'),('t7i1nx9aeelipzlaedaklpbfkw2kbknf','.eJxVjDkOwjAUBe_iGlnfjhdCSZ8zRH8zCaBYylIh7g6RUkD7Zua9TI_bOvTbonM_irmYJprT70jID512InecbtVyndZ5JLsr9qCL7aro83q4fwcDLsO3zk0iOHPLHlxR0ShMgQVTUcoEbXAlA3KIzOLZgXpNSBFcjj4KsHl_ADR_OQc:1pPeq0:p5Nlg5d9BYgYh7VBjVs1DvVa73NfJHlWXz1dNoqvgsI','2023-02-22 16:25:52.855514'),('tlnyro8twoa6kmu2gd3n0p9uk3mf5fzg','.eJxVjMEOgyAQRP-Fc2MEXGF7a3-ErMsSTA0mFU5N_73aeGiP82bmvVSgVnNomzzDHNVVaVSXXzgRP6QcDS3LgTtiXlup3Xdz1lt325OUOjPVeS338_WnyrTl3SOYxt4biNGy1gQWJ5-S9A5AO4_GOBlkgmQR2SKRH00EGSFF8JRoUO8P3yY8og:1pNVEj:fMwvBNK7-ne8n9x65OV6jOqfkeW60Y3weakHiY8ePh4','2023-02-16 17:46:29.879424'),('tp6qdcuuydndg7274673i4lxf0dk1am2','.eJxVjEEOwiAQRe_C2hBgWoe6dN8zkBkYbNVAUtqV8e7apAvd_vfef6lA2zqFrckS5qQuCnp1-h2Z4kPKTtKdyq3qWMu6zKx3RR-06bEmeV4P9-9gojZ9a-u7aIYICII-IyKhY8ss7Cwl4zL2mNnBYEVAHOXsAH20poMziAzq_QEFljgK:1pREOO:qV485PPkiseP3hqd9xEVNxu7DeJE5bxIg_snOZ4c-pc','2023-02-27 00:35:52.273005'),('tyyxz1wik6ntqgy2q3572tkkflroqe1r','.eJxVjEEOwiAQRe_C2hAoDKhL9z0DmWFAqgaS0q6Md7dNutDte-__twi4LiWsPc1hYnEV2ovTLySMz1R3ww-s9yZjq8s8kdwTedgux8bpdTvav4OCvWxrB84rVhbyOWYzqGhoI16jGgxZlWxkZUhb9hqQHJgMGr3VFwJrAFh8vuMpNv0:1pQO2I:DPS_EzmYuoKME2A9mBrYXMFjrNnB4pZMz9uGs55FVfE','2023-02-24 16:41:34.401214'),('ubhopojskwsjjmrcxit5im15i8ucusee','.eJxVjE0KwyAUhO_iuoga_9JdexF5PhWlwUDVVenda0oW7WZg5puZF3EwenajxacrgVyJIpffzAM-Yj0AbNsRU0DcR-302zlxo7fpYu0FoZe93s_V31WGlucPF8HGxRrgJmkpvbVg-cKmMh_RcGlWDtqboAEY6lVboZNRMjGmRFKRvD-hXzuW:1pOu2Q:yyLXD0IdF5bGmTfj0_82v77wg4rilfh20Q2XfLr2IIs','2023-02-20 14:27:34.338213'),('uc5ioojkgo4ynircczfqr2ht1iwkqtnw','.eJxVjEEOwiAQRe_C2hAoDKhL9z0DmWFAqgaS0q6Md7dNutDte-__twi4LiWsPc1hYnEV2ovTLySMz1R3ww-s9yZjq8s8kdwTedgux8bpdTvav4OCvWxrB84rVhbyOWYzqGhoI16jGgxZlWxkZUhb9hqQHJgMGr3VFwJrAFh8vuMpNv0:1pQ4yk:DjQr8poJuK-feX_V1f5x7-tCLFH3bewAj5-zBPhLx6o','2023-02-23 20:20:38.515277'),('uogcohm0lls4dl67ksgfp5drluvgtf4v','.eJxVjDsOwjAQBe_iGllmHbMOJT1nsLwf4wBKpDipEHeHSCmgfTPzXibldalpbTqnQczZeG8OvyNlfui4Ebnn8TZZnsZlHshuit1ps9dJ9HnZ3b-Dmlv91ojeEYTgoQffoSN_JMYMxE6BAaEwRhSWXuSk0cXSZVUsCIyhp2DeH-5fOA4:1pPbp6:sazudWdGMqgazOZDwaNFN__IDNYjh-uRbKGUZM_BgF0','2023-02-22 13:12:44.470053'),('uxaklwwhou0jyl9xafwbfmdmn10hdibj','.eJxVjMEOwiAQRP-Fs2lwKS540x9plmUJxIYmQk_Gf7c1Pehx3sy8l5po7XlamzynEtVVGaNOvzAQP6TuDc3zjgdiXtbah-_mqNtw25LUXph6Wer9eP2pMrW8eRCNDmCtAQ9mRB3MOTASBNYCDAiJ0WHk6GO8iNMujSSCCYHR-mDV-wPIbTyC:1pNncp:KyH-oQJwCYN9ogpCg3fyDAfHrh0R351wDyLV9axsOc4','2023-02-17 13:24:35.035935'),('uzcnjc4jloaum42cmo94pinrejbz5hzp','.eJxVjDEOwyAQBP9CHSHAwOGU6f0GdMARnEQgGbuK8vfYkouk2WJndt_M47YWv3Va_JzYlRl2-e0CxifVA6QH1nvjsdV1mQM_FH7SzqeW6HU73b-Dgr3sa6mSo8EBSshW6-AcOjmIPUWgCFLDKNEGSBZRRDtap2wGo7MQRmVD7PMFyTs3Ig:1pRNAX:0hMEgXo3vkrVq-IEjNrf8zes2sZADegZ2rJrCAuXPr0','2023-02-27 09:58:09.541795'),('v4nnuxbbjpac3whpa45zei7n6vzvxoh1','.eJxVjEEOwiAQRe_C2hAoDKhL9z0DmWFAqgaS0q6Md7dNutDte-__twi4LiWsPc1hYnEV2ovTLySMz1R3ww-s9yZjq8s8kdwTedgux8bpdTvav4OCvWxrB84rVhbyOWYzqGhoI16jGgxZlWxkZUhb9hqQHJgMGr3VFwJrAFh8vuMpNv0:1pQOuH:KGGvn1d55-kjfZQ5L_AeZdm_XAWXE7phkkJtIkuujxg','2023-02-24 17:37:21.445837'),('vb5ct0clhouok885n5xxpbgih1e95pve','.eJxVjEEOgjAURO_StSG_hVJxJxchv9PflEhKIu3KeHfBsNDlvJl5LzVxLWmqmzynOaibaq26_ELPeEg-Gl6WAzcMrDWX5rs5662570lymcFlXvN4vv5Uibe0e1zbe7pigCEdJYgN8B0C91G88zR0OjpidBYIBprESM_eknbW2EBQ7w8OoT17:1pPJXt:tjYmT9p3DFtQQsn4Pk_WHOcf7EmPApHYasG2kk8HJ0k','2023-02-21 17:41:45.137793'),('vo1si0msx3dzeri6cqhj3fqvhgz389cg','.eJxVjMEOwiAQRP-Fs2lwKS540x9plmUJxIYmQk_Gf7c1Pehx3sy8l5po7XlamzynEtVVGaNOvzAQP6TuDc3zjgdiXtbah-_mqNtw25LUXph6Wer9eP2pMrW8eRCNDmCtAQ9mRB3MOTASBNYCDAiJ0WHk6GO8iNMujSSCCYHR-mDV-wPIbTyC:1pNv3m:tIl_fpcz8Mc_LzFJQ5PLNdX6yeIKHeM0svLuz37vvRQ','2023-02-17 21:20:54.886105'),('vztfxxsi0g057c5g6leubq7c3rt1jcv8','.eJxVjMsOwiAQRf-FtSFAGUCX7vsNzcwwSNXQpI-V8d-1SRe6veec-1IDbmsdtkXmYczqomxSp9-RkB_SdpLv2G6T5qmt80h6V_RBF91PWZ7Xw_07qLjUb22Ak1C24DCGzmQBYARJ4iCyNwkMAZ0LBnals4TkkEOMwfoYUjFevT8RATgA:1pRYv5:0dpGOajBS7cWjLTiJah4Rvp5oLJV543gQ71Qpfw00y0','2023-02-27 22:30:59.743352'),('w0yd39gdkkv5krnwbeo6vvzortv28n36','.eJxVjEEOwiAQRe_C2hAoDKhL9z0DmWFAqgaS0q6Md7dNutDte-__twi4LiWsPc1hYnEV2ovTLySMz1R3ww-s9yZjq8s8kdwTedgux8bpdTvav4OCvWxrB84rVhbyOWYzqGhoI16jGgxZlWxkZUhb9hqQHJgMGr3VFwJrAFh8vuMpNv0:1pQLMB:iMq7oP1hWz8MhL0qtZPaWIRkCC5jial7rn_B-p-f0qU','2023-02-24 13:49:55.976566'),('wj9lzagyvp4yww37cnxelrb4z49ggvkr','.eJxVjEEOwiAQRe_C2hBgKgWX7j0DGWZGqRpISrsy3l2bdKHb_977L5VwXUpau8xpYnVSAOrwO2akh9SN8B3rrWlqdZmnrDdF77TrS2N5nnf376BgL9_aRB7AjeyiUI4hMvgI2XsSBxlQCBkFonUkV2aLgkdDw-hcQOODNer9ARtOOIs:1pRRjQ:51O7EHj8CULZpHiOGmUkQvbovEMs591yeWA3Q9zeDeo','2023-02-27 14:50:28.964489'),('wkzw9z8nw7dcp18kwevwopda1xlg043y','.eJxVjMEOwiAQRP-Fs2lwKS540x9plmUJxIYmQk_Gf7c1Pehx3sy8l5po7XlamzynEtVVGaNOvzAQP6TuDc3zjgdiXtbah-_mqNtw25LUXph6Wer9eP2pMrW8eRCNDmCtAQ9mRB3MOTASBNYCDAiJ0WHk6GO8iNMujSSCCYHR-mDV-wPIbTyC:1pNnWE:ID4x9qyn0MulyFOItdy99Hum6QM0ZEVa6nz6X4KO0sg','2023-02-17 13:17:46.858549'),('wois57udlzoe7eljkd6bxnlg00enz7wh','.eJxVjEEOwiAQRe_C2hBgWoe6dN8zkBkYbNVAUtqV8e7apAvd_vfef6lA2zqFrckS5qQuCnp1-h2Z4kPKTtKdyq3qWMu6zKx3RR-06bEmeV4P9-9gojZ9a-u7aIYICII-IyKhY8ss7Cwl4zL2mNnBYEVAHOXsAH20poMziAzq_QEFljgK:1pRRVw:BXX0KNDyBAjQ0_8k62rgjoDK9pdFkaSNlZGPksaCfYk','2023-02-27 14:36:32.053024'),('x6s854pepgzqn9mhvtffbs8g7a2wvbrp','.eJxVjEEOgjAURO_StSG_hVJxJxchv9PflEhKIu3KeHfBsNDlvJl5LzVxLWmqmzynOaibaq26_ELPeEg-Gl6WAzcMrDWX5rs5662570lymcFlXvN4vv5Uibe0e1zbe7pigCEdJYgN8B0C91G88zR0OjpidBYIBprESM_eknbW2EBQ7w8OoT17:1pPH6r:q0y5MOlIBEfv_tddE7ZEGJWszz_Ywv51p6_JweameKE','2023-02-21 15:05:41.566710'),('x89usul7eylk1p4zoglbnet040ceombn','.eJxVjDsOwjAQBe_iGln-xD9Kes5geb1rHEC2FCcV4u4QKQW0b2bei8W0rTVug5Y4IzszFdjpd4SUH9R2gvfUbp3n3tZlBr4r_KCDXzvS83K4fwc1jfqtJQlPCtBlBNJoDQiPpgiHMlASeZpCcQ6KdkaBkAhaacCSU7beSLLs_QEuujjx:1pQHXB:VvWNcTwbwY4AzHJ77lgXsIsS7uXtJeGQUBoH6a4fgag','2023-02-24 09:45:01.438608'),('x9rad2pttbdqrcvtvjuakkdbpkawlqaz','.eJxVjDEOwyAQBP9CHSHAwOGU6f0GdMARnEQgGbuK8vfYkouk2WJndt_M47YWv3Va_JzYlRl2-e0CxifVA6QH1nvjsdV1mQM_FH7SzqeW6HU73b-Dgr3sa6mSo8EBSshW6-AcOjmIPUWgCFLDKNEGSBZRRDtap2wGo7MQRmVD7PMFyTs3Ig:1pRUPi:xL5guVkdnm90rUb0BiPErJKJPNUG_0ssl2Eijo-YDO8','2023-02-27 17:42:18.606218'),('xgm2h6fd6m0p2w5adchp55tsrplf13lx','.eJxVjEEOAiEQBP_C2RBYGFBv-hEyDBCIGzYROBn_Lmv2oMeu7q4Xczh6dqPFpyuBXZm07PQLPdIj1r3Bdd0xR6Jt1M6_m6Nu_DZTrL0Q9rLV-_H6U2VseXoMGCuC0JDOlNQiSPlJrESxKK9F1BSE8lIHKwG9AZVAotXy4kErgMDeH71LO3E:1pOtqp:koPcJBOP2w8chieoqXmUQlBVq0Gr43enKk69BU3XBA8','2023-02-20 14:15:35.304095'),('xm2ql3s3myshg9psgh55n226k1yu66lv','.eJwFwcERgCAMBMBeqIAk6oHNMAkmw1vk5di7u29qup7R1vS7DZ0jnYnK1nPtAnGUAKBgIzM3Jr0yB3aEsVRyF2eNYEHplDc5xL2m7weNZxlz:1pPwan:YMrV-3XjepPRAPJQ8kJ0Jm68_iB7IOFFzWTgLzP6YU8','2023-02-23 11:23:21.139413'),('yagtwdsd9bv4iv7gbpjq53mhnrj0lfi7','.eJxVjEEOAiEQBP_C2RBYGFBv-hEyDBCIGzYROBn_Lmv2oMeu7q4Xczh6dqPFpyuBXZm07PQLPdIj1r3Bdd0xR6Jt1M6_m6Nu_DZTrL0Q9rLV-_H6U2VseXoMGCuC0JDOlNQiSPlJrESxKK9F1BSE8lIHKwG9AZVAotXy4kErgMDeH71LO3E:1pOBxj:im97eidSmCmiVSsyJkrouKnnKElseVeNSwo8XQIA23o','2023-02-18 15:23:47.898740'),('yf5z8z25s2dku6es2zmvgm3av0dk0fnc','.eJxVjEEOwiAQRe_C2hAoDKhL9z0DmWFAqgaS0q6Md7dNutDte-__twi4LiWsPc1hYnEV2ovTLySMz1R3ww-s9yZjq8s8kdwTedgux8bpdTvav4OCvWxrB84rVhbyOWYzqGhoI16jGgxZlWxkZUhb9hqQHJgMGr3VFwJrAFh8vuMpNv0:1pQ075:ihsNGYLabmvyGTrPKE8nnddAayJWXxADK_eeP1pLvag','2023-02-23 15:08:55.678827'),('yz6d7lpo69pbi4xin622ev2r3zs079k8','.eJxVjMEOgyAQRP-Fc2MKLIq91R8xyy4bSA0mFU5N_73aeGiP897MvNSMraa5bfE5Z1Y35ay6_MKA9IjlMLgsB-6QaG2ldt_OqbfuvqdYaiaseS3Tufq7Sril_QdIm1FE8-hYo3PGS-gNswV_BfJMAQz3YG0chHsBFmsBtB8CylFW7w_o8jy5:1pPKaf:WTO9RQKeOMx5j3ALCQFyzpn-eSxarXnKPF55lOWhxfQ','2023-02-21 18:48:41.807557'),('z50jmjg9rzu40dse96bt2b7guleyez4i','.eJxVjEEOAiEQBP_C2RBYGFBv-hEyDBCIGzYROBn_Lmv2oMeu7q4Xczh6dqPFpyuBXZm07PQLPdIj1r3Bdd0xR6Jt1M6_m6Nu_DZTrL0Q9rLV-_H6U2VseXoMGCuC0JDOlNQiSPlJrESxKK9F1BSE8lIHKwG9AZVAotXy4kErgMDeH71LO3E:1pMfEL:WGdNiur-viuYJI_PJxAlN9dU3pTLayWpgUmLymMpsFE','2023-02-14 01:14:37.375718'),('zeladlawm6ie6asehoye3qnafwnnguzd','.eJxVjEEOAiEQBP_C2RBYGFBv-hEyDBCIGzYROBn_Lmv2oMeu7q4Xczh6dqPFpyuBXZm07PQLPdIj1r3Bdd0xR6Jt1M6_m6Nu_DZTrL0Q9rLV-_H6U2VseXoMGCuC0JDOlNQiSPlJrESxKK9F1BSE8lIHKwG9AZVAotXy4kErgMDeH71LO3E:1pNx3d:EAaLnNian6_Km81PVSl_Dvp137qMU2-kGE7tcgCRYh0','2023-02-17 23:28:53.771098'),('zgxebrvmdvnoouh2ut2xryhzplorh7y1','.eJxVjEEOwiAQRe_C2hAoDKhL9z0DmWFAqgaS0q6Md7dNutDte-__twi4LiWsPc1hYnEV2ovTLySMz1R3ww-s9yZjq8s8kdwTedgux8bpdTvav4OCvWxrB84rVhbyOWYzqGhoI16jGgxZlWxkZUhb9hqQHJgMGr3VFwJrAFh8vuMpNv0:1pREOu:FBQ9fcez800Ngc_iFQSFQ4DxKWx2Cysu404haZo93Fg','2023-02-27 00:36:24.694019'),('zmqmybqtvnracxussi3xce5qm9ffcloj','.eJxVjEEOAiEQBP_C2RBYGFBv-hEyDBCIGzYROBn_Lmv2oMeu7q4Xczh6dqPFpyuBXZm07PQLPdIj1r3Bdd0xR6Jt1M6_m6Nu_DZTrL0Q9rLV-_H6U2VseXoMGCuC0JDOlNQiSPlJrESxKK9F1BSE8lIHKwG9AZVAotXy4kErgMDeH71LO3E:1pMTwe:C6vDIFYPSIUOxixYDRkX2h8dKCJUDllWpuVJNqJn8Zo','2023-02-13 13:11:36.257354'),('zys14ubb9wfb3o1tyrvtv3396zmz9pwy','.eJxVjEEOAiEQBP_C2RBYGFBv-hEyDBCIGzYROBn_Lmv2oMeu7q4Xczh6dqPFpyuBXZm07PQLPdIj1r3Bdd0xR6Jt1M6_m6Nu_DZTrL0Q9rLV-_H6U2VseXoMGCuC0JDOlNQiSPlJrESxKK9F1BSE8lIHKwG9AZVAotXy4kErgMDeH71LO3E:1pOa2F:zQaNRTo-e1G8tsIxoYzF8L0PfP_aTA13cSEADVdA1Rs','2023-02-19 17:06:03.368547');
/*!40000 ALTER TABLE `django_session` ENABLE KEYS */;
UNLOCK TABLES;

--
-- Table structure for table `django_site`
--

DROP TABLE IF EXISTS `django_site`;
/*!40101 SET @saved_cs_client     = @@character_set_client */;
/*!50503 SET character_set_client = utf8mb4 */;
CREATE TABLE `django_site` (
  `id` int NOT NULL AUTO_INCREMENT,
  `domain` varchar(100) CHARACTER SET utf8mb4 COLLATE utf8mb4_general_ci NOT NULL,
  `name` varchar(50) CHARACTER SET utf8mb4 COLLATE utf8mb4_general_ci NOT NULL,
  PRIMARY KEY (`id`),
  UNIQUE KEY `django_site_domain_a2e37b91_uniq` (`domain`)
) ENGINE=InnoDB AUTO_INCREMENT=2 DEFAULT CHARSET=utf8mb4 COLLATE=utf8mb4_general_ci;
/*!40101 SET character_set_client = @saved_cs_client */;

--
-- Dumping data for table `django_site`
--

LOCK TABLES `django_site` WRITE;
/*!40000 ALTER TABLE `django_site` DISABLE KEYS */;
INSERT INTO `django_site` VALUES (1,'example.com','example.com');
/*!40000 ALTER TABLE `django_site` ENABLE KEYS */;
UNLOCK TABLES;

--
-- Table structure for table `socialaccount_socialaccount`
--

DROP TABLE IF EXISTS `socialaccount_socialaccount`;
/*!40101 SET @saved_cs_client     = @@character_set_client */;
/*!50503 SET character_set_client = utf8mb4 */;
CREATE TABLE `socialaccount_socialaccount` (
  `id` int NOT NULL AUTO_INCREMENT,
  `provider` varchar(30) CHARACTER SET utf8mb4 COLLATE utf8mb4_general_ci NOT NULL,
  `uid` varchar(191) CHARACTER SET utf8mb4 COLLATE utf8mb4_general_ci NOT NULL,
  `last_login` datetime(6) NOT NULL,
  `date_joined` datetime(6) NOT NULL,
  `extra_data` longtext CHARACTER SET utf8mb4 COLLATE utf8mb4_general_ci NOT NULL,
  `user_id` bigint NOT NULL,
  PRIMARY KEY (`id`),
  UNIQUE KEY `socialaccount_socialaccount_provider_uid_fc810c6e_uniq` (`provider`,`uid`),
  KEY `socialaccount_socialaccount_user_id_8146e70c_fk_accounts_user_id` (`user_id`),
  CONSTRAINT `socialaccount_socialaccount_user_id_8146e70c_fk_accounts_user_id` FOREIGN KEY (`user_id`) REFERENCES `accounts_user` (`id`)
) ENGINE=InnoDB DEFAULT CHARSET=utf8mb4 COLLATE=utf8mb4_general_ci;
/*!40101 SET character_set_client = @saved_cs_client */;

--
-- Dumping data for table `socialaccount_socialaccount`
--

LOCK TABLES `socialaccount_socialaccount` WRITE;
/*!40000 ALTER TABLE `socialaccount_socialaccount` DISABLE KEYS */;
/*!40000 ALTER TABLE `socialaccount_socialaccount` ENABLE KEYS */;
UNLOCK TABLES;

--
-- Table structure for table `socialaccount_socialapp`
--

DROP TABLE IF EXISTS `socialaccount_socialapp`;
/*!40101 SET @saved_cs_client     = @@character_set_client */;
/*!50503 SET character_set_client = utf8mb4 */;
CREATE TABLE `socialaccount_socialapp` (
  `id` int NOT NULL AUTO_INCREMENT,
  `provider` varchar(30) CHARACTER SET utf8mb4 COLLATE utf8mb4_general_ci NOT NULL,
  `name` varchar(40) CHARACTER SET utf8mb4 COLLATE utf8mb4_general_ci NOT NULL,
  `client_id` varchar(191) CHARACTER SET utf8mb4 COLLATE utf8mb4_general_ci NOT NULL,
  `secret` varchar(191) CHARACTER SET utf8mb4 COLLATE utf8mb4_general_ci NOT NULL,
  `key` varchar(191) CHARACTER SET utf8mb4 COLLATE utf8mb4_general_ci NOT NULL,
  PRIMARY KEY (`id`)
) ENGINE=InnoDB DEFAULT CHARSET=utf8mb4 COLLATE=utf8mb4_general_ci;
/*!40101 SET character_set_client = @saved_cs_client */;

--
-- Dumping data for table `socialaccount_socialapp`
--

LOCK TABLES `socialaccount_socialapp` WRITE;
/*!40000 ALTER TABLE `socialaccount_socialapp` DISABLE KEYS */;
/*!40000 ALTER TABLE `socialaccount_socialapp` ENABLE KEYS */;
UNLOCK TABLES;

--
-- Table structure for table `socialaccount_socialapp_sites`
--

DROP TABLE IF EXISTS `socialaccount_socialapp_sites`;
/*!40101 SET @saved_cs_client     = @@character_set_client */;
/*!50503 SET character_set_client = utf8mb4 */;
CREATE TABLE `socialaccount_socialapp_sites` (
  `id` bigint NOT NULL AUTO_INCREMENT,
  `socialapp_id` int NOT NULL,
  `site_id` int NOT NULL,
  PRIMARY KEY (`id`),
  UNIQUE KEY `socialaccount_socialapp_sites_socialapp_id_site_id_71a9a768_uniq` (`socialapp_id`,`site_id`),
  KEY `socialaccount_socialapp_sites_site_id_2579dee5_fk_django_site_id` (`site_id`),
  CONSTRAINT `socialaccount_social_socialapp_id_97fb6e7d_fk_socialacc` FOREIGN KEY (`socialapp_id`) REFERENCES `socialaccount_socialapp` (`id`),
  CONSTRAINT `socialaccount_socialapp_sites_site_id_2579dee5_fk_django_site_id` FOREIGN KEY (`site_id`) REFERENCES `django_site` (`id`)
) ENGINE=InnoDB DEFAULT CHARSET=utf8mb4 COLLATE=utf8mb4_general_ci;
/*!40101 SET character_set_client = @saved_cs_client */;

--
-- Dumping data for table `socialaccount_socialapp_sites`
--

LOCK TABLES `socialaccount_socialapp_sites` WRITE;
/*!40000 ALTER TABLE `socialaccount_socialapp_sites` DISABLE KEYS */;
/*!40000 ALTER TABLE `socialaccount_socialapp_sites` ENABLE KEYS */;
UNLOCK TABLES;

--
-- Table structure for table `socialaccount_socialtoken`
--

DROP TABLE IF EXISTS `socialaccount_socialtoken`;
/*!40101 SET @saved_cs_client     = @@character_set_client */;
/*!50503 SET character_set_client = utf8mb4 */;
CREATE TABLE `socialaccount_socialtoken` (
  `id` int NOT NULL AUTO_INCREMENT,
  `token` longtext CHARACTER SET utf8mb4 COLLATE utf8mb4_general_ci NOT NULL,
  `token_secret` longtext CHARACTER SET utf8mb4 COLLATE utf8mb4_general_ci NOT NULL,
  `expires_at` datetime(6) DEFAULT NULL,
  `account_id` int NOT NULL,
  `app_id` int NOT NULL,
  PRIMARY KEY (`id`),
  UNIQUE KEY `socialaccount_socialtoken_app_id_account_id_fca4e0ac_uniq` (`app_id`,`account_id`),
  KEY `socialaccount_social_account_id_951f210e_fk_socialacc` (`account_id`),
  CONSTRAINT `socialaccount_social_account_id_951f210e_fk_socialacc` FOREIGN KEY (`account_id`) REFERENCES `socialaccount_socialaccount` (`id`),
  CONSTRAINT `socialaccount_social_app_id_636a42d7_fk_socialacc` FOREIGN KEY (`app_id`) REFERENCES `socialaccount_socialapp` (`id`)
) ENGINE=InnoDB DEFAULT CHARSET=utf8mb4 COLLATE=utf8mb4_general_ci;
/*!40101 SET character_set_client = @saved_cs_client */;

--
-- Dumping data for table `socialaccount_socialtoken`
--

LOCK TABLES `socialaccount_socialtoken` WRITE;
/*!40000 ALTER TABLE `socialaccount_socialtoken` DISABLE KEYS */;
/*!40000 ALTER TABLE `socialaccount_socialtoken` ENABLE KEYS */;
UNLOCK TABLES;

--
-- Table structure for table `token_blacklist_blacklistedtoken`
--

DROP TABLE IF EXISTS `token_blacklist_blacklistedtoken`;
/*!40101 SET @saved_cs_client     = @@character_set_client */;
/*!50503 SET character_set_client = utf8mb4 */;
CREATE TABLE `token_blacklist_blacklistedtoken` (
  `id` bigint NOT NULL AUTO_INCREMENT,
  `blacklisted_at` datetime(6) NOT NULL,
  `token_id` bigint NOT NULL,
  PRIMARY KEY (`id`),
  UNIQUE KEY `token_id` (`token_id`),
  CONSTRAINT `token_blacklist_blacklistedtoken_token_id_3cc7fe56_fk` FOREIGN KEY (`token_id`) REFERENCES `token_blacklist_outstandingtoken` (`id`)
) ENGINE=InnoDB AUTO_INCREMENT=72 DEFAULT CHARSET=utf8mb4 COLLATE=utf8mb4_general_ci;
/*!40101 SET character_set_client = @saved_cs_client */;

--
-- Dumping data for table `token_blacklist_blacklistedtoken`
--

LOCK TABLES `token_blacklist_blacklistedtoken` WRITE;
/*!40000 ALTER TABLE `token_blacklist_blacklistedtoken` DISABLE KEYS */;
INSERT INTO `token_blacklist_blacklistedtoken` VALUES (68,'2023-02-13 22:29:14.525053',250),(69,'2023-02-13 22:30:40.998922',251),(70,'2023-02-13 22:31:47.500727',252),(71,'2023-02-13 22:59:52.589789',253);
/*!40000 ALTER TABLE `token_blacklist_blacklistedtoken` ENABLE KEYS */;
UNLOCK TABLES;

--
-- Table structure for table `token_blacklist_outstandingtoken`
--

DROP TABLE IF EXISTS `token_blacklist_outstandingtoken`;
/*!40101 SET @saved_cs_client     = @@character_set_client */;
/*!50503 SET character_set_client = utf8mb4 */;
CREATE TABLE `token_blacklist_outstandingtoken` (
  `id` bigint NOT NULL AUTO_INCREMENT,
  `token` longtext CHARACTER SET utf8mb4 COLLATE utf8mb4_general_ci NOT NULL,
  `created_at` datetime(6) DEFAULT NULL,
  `expires_at` datetime(6) NOT NULL,
  `user_id` bigint DEFAULT NULL,
  `jti` varchar(255) CHARACTER SET utf8mb4 COLLATE utf8mb4_general_ci NOT NULL,
  PRIMARY KEY (`id`),
  UNIQUE KEY `token_blacklist_outstandingtoken_jti_hex_d9bdf6f7_uniq` (`jti`),
  KEY `token_blacklist_outs_user_id_83bc629a_fk_accounts_` (`user_id`),
  CONSTRAINT `token_blacklist_outs_user_id_83bc629a_fk_accounts_` FOREIGN KEY (`user_id`) REFERENCES `accounts_user` (`id`)
) ENGINE=InnoDB AUTO_INCREMENT=258 DEFAULT CHARSET=utf8mb4 COLLATE=utf8mb4_general_ci;
/*!40101 SET character_set_client = @saved_cs_client */;

--
-- Dumping data for table `token_blacklist_outstandingtoken`
--

LOCK TABLES `token_blacklist_outstandingtoken` WRITE;
/*!40000 ALTER TABLE `token_blacklist_outstandingtoken` DISABLE KEYS */;
INSERT INTO `token_blacklist_outstandingtoken` VALUES (245,'eyJhbGciOiJIUzI1NiIsInR5cCI6IkpXVCJ9.eyJ0b2tlbl90eXBlIjoicmVmcmVzaCIsImV4cCI6MTY5MTgyNzU4NiwiaWF0IjoxNjc2Mjc1NTg2LCJqdGkiOiJjMDZmZGJhMjNiODM0MWIxOTUxMzc2ODhlNDRjNzI1OCIsInVzZXJfaWQiOjM3fQ.Irs-C3HGoL0wvbG3Yl-HqIX9a0ANAnIE_eklhMYmqgA','2023-02-13 08:06:26.538568','2023-08-12 08:06:26.000000',37,'c06fdba23b8341b195137688e44c7258'),(246,'eyJhbGciOiJIUzI1NiIsInR5cCI6IkpXVCJ9.eyJ0b2tlbl90eXBlIjoicmVmcmVzaCIsImV4cCI6MTY5MTgyNzc1MSwiaWF0IjoxNjc2Mjc1NzUxLCJqdGkiOiJiZWFmYmI2MmVmOWI0ZTA0YmQwNjcyMDMyN2RkMGJmZSIsInVzZXJfaWQiOjY4fQ.rnItJXtLmFEYlGVPEurHCMuompORMsnhn2T1l074sjU','2023-02-13 08:09:11.600439','2023-08-12 08:09:11.000000',68,'beafbb62ef9b4e04bd06720327dd0bfe'),(247,'eyJhbGciOiJIUzI1NiIsInR5cCI6IkpXVCJ9.eyJ0b2tlbl90eXBlIjoicmVmcmVzaCIsImV4cCI6MTY5MTgyNzc3NiwiaWF0IjoxNjc2Mjc1Nzc2LCJqdGkiOiI1NTg4MmY5NTk5MmM0MmExODczMThlZDUyMWQ0MjY2OSIsInVzZXJfaWQiOjY4fQ.sPbZRvbBJikEL8hxf6hm5ruMRM4A9F3nhyq4CDwyjAY','2023-02-13 08:09:36.714494','2023-08-12 08:09:36.000000',68,'55882f95992c42a187318ed521d42669'),(248,'eyJhbGciOiJIUzI1NiIsInR5cCI6IkpXVCJ9.eyJ0b2tlbl90eXBlIjoicmVmcmVzaCIsImV4cCI6MTY5MTgyOTczOCwiaWF0IjoxNjc2Mjc3NzM4LCJqdGkiOiI5NWEwOGIyYzI1Y2Q0YTgxODlkYmNiZTFmMTA2YjFiZiIsInVzZXJfaWQiOjV9.aAFzIiYnbE9HrE89NwxxiRrgzESBl1do0ElhPy17y9I','2023-02-13 08:42:18.573718','2023-08-12 08:42:18.000000',5,'95a08b2c25cd4a8189dbcbe1f106b1bf'),(249,'eyJhbGciOiJIUzI1NiIsInR5cCI6IkpXVCJ9.eyJ0b2tlbl90eXBlIjoicmVmcmVzaCIsImV4cCI6MTY5MTgzMDUxOSwiaWF0IjoxNjc2Mjc4NTE5LCJqdGkiOiIyZWEwZTVlMWEzYWI0YTM2YTgwMmIyMjM2YjViMDc1ZSIsInVzZXJfaWQiOjV9.dpqh6fhtbCgXbs0bYQtANc2zjKO-5D2E5Js4nXQR6rk','2023-02-13 08:55:19.444454','2023-08-12 08:55:19.000000',5,'2ea0e5e1a3ab4a36a802b2236b5b075e'),(250,'eyJhbGciOiJIUzI1NiIsInR5cCI6IkpXVCJ9.eyJ0b2tlbl90eXBlIjoicmVmcmVzaCIsImV4cCI6MTY5MTg0NjY0MSwiaWF0IjoxNjc2Mjk0NjQxLCJqdGkiOiI1N2Y3ZDA1Y2IyYWU0Mjg1YWZjMzNmNGU0ZjBiMmZkNSIsInVzZXJfaWQiOjMzfQ.RhS6YniCcIjPpwBilQ-nDGGz1IrsA5vqygdou6LzT6Y','2023-02-13 13:24:01.076923','2023-08-12 13:24:01.000000',33,'57f7d05cb2ae4285afc33f4e4f0b2fd5'),(251,'eyJhbGciOiJIUzI1NiIsInR5cCI6IkpXVCJ9.eyJ0b2tlbl90eXBlIjoicmVmcmVzaCIsImV4cCI6MTY5MTg0NzAzNCwiaWF0IjoxNjc2Mjk1MDM0LCJqdGkiOiJhM2I3Y2YwNDk5NjI0ZWE4YjcxNjYwMTkzNDQ5NDc0YSIsInVzZXJfaWQiOjMzfQ.n4aZo3-LfyvDdIkMZOaSP-hB75lbAQfRPQ31ZRjM1iM','2023-02-13 13:30:34.611908','2023-08-12 13:30:34.000000',33,'a3b7cf0499624ea8b71660193449474a'),(252,'eyJhbGciOiJIUzI1NiIsInR5cCI6IkpXVCJ9.eyJ0b2tlbl90eXBlIjoicmVmcmVzaCIsImV4cCI6MTY5MTg0NzA1OSwiaWF0IjoxNjc2Mjk1MDU5LCJqdGkiOiJhNTllMTBkNTQyNTQ0OGEyOWU1MmRhZjVkZmJiYzQyNCIsInVzZXJfaWQiOjE4fQ.-9gXL5o9XncLQ3reQow9IQRNqHfbLTeaOB71_1szhHU','2023-02-13 13:30:59.721752','2023-08-12 13:30:59.000000',18,'a59e10d5425448a29e52daf5dfbbc424'),(253,'eyJhbGciOiJIUzI1NiIsInR5cCI6IkpXVCJ9.eyJ0b2tlbl90eXBlIjoicmVmcmVzaCIsImV4cCI6MTY5MTg0NzEwOSwiaWF0IjoxNjc2Mjk1MTA5LCJqdGkiOiI1ZTNmMzgwNzFkOGQ0ZmE3OTkzMjEzOTY4MmUxOGI4MiIsInVzZXJfaWQiOjMzfQ.VYR6DaIRexWp_TV88T3A44bNmlPmhacB8mZQxjnK42Y','2023-02-13 13:31:49.108424','2023-08-12 13:31:49.000000',33,'5e3f38071d8d4fa79932139682e18b82'),(254,'eyJhbGciOiJIUzI1NiIsInR5cCI6IkpXVCJ9.eyJ0b2tlbl90eXBlIjoicmVmcmVzaCIsImV4cCI6MTY5MTg0NzMwNCwiaWF0IjoxNjc2Mjk1MzA0LCJqdGkiOiI4ODE5YzZjZTRkZjA0ZDcxYTA5YjM0NDdiYjcyYTlmZCIsInVzZXJfaWQiOjMzfQ.PFjQEAE89Iwo9K0Ueza9Yym3vtyPyAUtbMtjDdI6RSc','2023-02-13 13:35:04.941739','2023-08-12 13:35:04.000000',33,'8819c6ce4df04d71a09b3447bb72a9fd'),(255,'eyJhbGciOiJIUzI1NiIsInR5cCI6IkpXVCJ9.eyJ0b2tlbl90eXBlIjoicmVmcmVzaCIsImV4cCI6MTY5MTg0ODQ4MSwiaWF0IjoxNjc2Mjk2NDgxLCJqdGkiOiIzMjlmMWM3NzRhMGQ0Yjg1OTNhNmVjYWI5NTczZTkyOSIsInVzZXJfaWQiOjI5fQ.G-q21ZGJCzJqFECBNSW49teuukVY4M_TuzDRll6ZpTo','2023-02-13 13:54:41.872466','2023-08-12 13:54:41.000000',29,'329f1c774a0d4b8593a6ecab9573e929'),(256,'eyJhbGciOiJIUzI1NiIsInR5cCI6IkpXVCJ9.eyJ0b2tlbl90eXBlIjoicmVmcmVzaCIsImV4cCI6MTY5MTg0ODgwMiwiaWF0IjoxNjc2Mjk2ODAyLCJqdGkiOiI2Y2Q5NTM5MDM3MmM0MjljOGVkYmJjMDFhZDdjMTc0NiIsInVzZXJfaWQiOjE4fQ.WSPgTImMn06IRHqFRcCSjBGteS1p_WC4TwLRX5eYQUM','2023-02-13 14:00:02.033202','2023-08-12 14:00:02.000000',18,'6cd95390372c429c8edbbc01ad7c1746'),(257,'eyJhbGciOiJIUzI1NiIsInR5cCI6IkpXVCJ9.eyJ0b2tlbl90eXBlIjoicmVmcmVzaCIsImV4cCI6MTY5MTg1Mjg2NCwiaWF0IjoxNjc2MzAwODY0LCJqdGkiOiIyMDNiMGJmZjE0ZWE0MTdjYjhmNzkyMTczZTE5YTNjNCIsInVzZXJfaWQiOjM3fQ.G7ilFTh3F7Ws6E2vzwmPxlVfjdnXdOnmvlXSAtGNFRM','2023-02-13 15:07:44.717435','2023-08-12 15:07:44.000000',37,'203b0bff14ea417cb8f792173e19a3c4');
/*!40000 ALTER TABLE `token_blacklist_outstandingtoken` ENABLE KEYS */;
UNLOCK TABLES;
/*!40103 SET TIME_ZONE=@OLD_TIME_ZONE */;

/*!40101 SET SQL_MODE=@OLD_SQL_MODE */;
/*!40014 SET FOREIGN_KEY_CHECKS=@OLD_FOREIGN_KEY_CHECKS */;
/*!40014 SET UNIQUE_CHECKS=@OLD_UNIQUE_CHECKS */;
/*!40101 SET CHARACTER_SET_CLIENT=@OLD_CHARACTER_SET_CLIENT */;
/*!40101 SET CHARACTER_SET_RESULTS=@OLD_CHARACTER_SET_RESULTS */;
/*!40101 SET COLLATION_CONNECTION=@OLD_COLLATION_CONNECTION */;
/*!40111 SET SQL_NOTES=@OLD_SQL_NOTES */;

-- Dump completed on 2023-02-14  9:03:53
